test_id,seed,smiles,nlogP,canonical_smiles
0,42,CS(=O)(=O)N1C[C@H](C(=O)Nc2ccc(Cl)cc2)[C@@H](C(O)=Nc2ccc(-n3ccccc3=O)cc2F)C1,-0.13010866940021515,CS(=O)(=O)N1C[C@H](C(=O)Nc2ccc(Cl)cc2)[C@@H](C(O)=Nc2ccc(-n3ccccc3=O)cc2F)C1
0,42,CC(C)[C@H]1Cc2cc(F)ccc2S(=O)(=O)N(C[C@@H](O)[C@H](Cc2ccccc2)N=C(O)O[C@H]2CCOC2)C1,-0.13183768093585968,CC(C)[C@H]1Cc2cc(F)ccc2S(=O)(=O)N(C[C@@H](O)[C@H](Cc2ccccc2)N=C(O)O[C@H]2CCOC2)C1
0,42,COC(=O)Nc1ccc(-c2ccnc([C@H](Cc3ccccc3)N=C(O)[C@H]3CC[C@H](CN)CC3)c2)cc1,-0.14874118566513062,COC(=O)Nc1ccc(-c2ccnc([C@H](Cc3ccccc3)N=C(O)[C@H]3CC[C@H](CN)CC3)c2)cc1
0,42,C[C@@H](C(=O)N1CCOCC1)N1CC[C@H](NS(=O)(=O)c2nc(-c3ccc(Cl)s3)n[nH]2)C1=O,-0.15023985505104065,C[C@@H](C(=O)N1CCOCC1)N1CC[C@H](NS(=O)(=O)c2nc(-c3ccc(Cl)s3)n[nH]2)C1=O
0,42,CC(C)[C@H]1Cc2cc(F)ccc2S(=O)(=O)N(C[C@@H](O)[C@H](Cc2ccccc2)N=C(O)NC(C)(C)C)C1,-0.1515251249074936,CC(C)[C@H]1Cc2cc(F)ccc2S(=O)(=O)N(C[C@@H](O)[C@H](Cc2ccccc2)N=C(O)NC(C)(C)C)C1
0,42,CCOCn1c(Cc2cc(C)cc(C)c2)c(C(C)C)c(O)nc1=O,-0.15547946095466614,CCOCn1c(Cc2cc(C)cc(C)c2)c(C(C)C)c(O)nc1=O
0,42,CC(C)c1c(C(O)=NCc2ccccc2)nc(-c2ccc(F)cc2)n1CC[C@@H](O)C[C@@H](O)CC(=O)O,-0.1583767682313919,CC(C)c1c(C(O)=NCc2ccccc2)nc(-c2ccc(F)cc2)n1CC[C@@H](O)C[C@@H](O)CC(=O)O
0,42,COc1ccc(-c2cn(C)c(=O)c3cc(C(=O)NC4CCS(=O)(=O)CC4)sc23)cc1OC,-0.17334529757499695,COc1ccc(-c2cn(C)c(=O)c3cc(C(=O)NC4CCS(=O)(=O)CC4)sc23)cc1OC
0,42,CN(C)c1cccc2c(S(=O)(=O)N[C@@H](CCC(=O)O)C(=O)O)cccc12,-0.1745755821466446,CN(C)c1cccc2c(S(=O)(=O)N[C@@H](CCC(=O)O)C(=O)O)cccc12
0,42,C[C@@H](C(=O)N1CCOCC1)N1CC[C@H](NS(=O)(=O)c2cc3cc(Cl)ccc3s2)C1=O,-0.17924876511096954,C[C@@H](C(=O)N1CCOCC1)N1CC[C@H](NS(=O)(=O)c2cc3cc(Cl)ccc3s2)C1=O
0,42,CN(C)CCOc1ccc(-c2cc(C(=N)O)c(NC(=N)O)s2)cc1,-0.1804775893688202,CN(C)CCOc1ccc(-c2cc(C(=N)O)c(NC(=N)O)s2)cc1
0,42,Cc1cc(S(=O)(=O)N(Cc2ccc(CN)cc2)[C@H](C)C(O)=NO)ccc1F,-0.18076872825622559,Cc1cc(S(=O)(=O)N(Cc2ccc(CN)cc2)[C@H](C)C(O)=NO)ccc1F
0,42,CC(C)[C@H]1Cc2cc(F)ccc2S(=O)(=O)N(C[C@@H](O)[C@H](Cc2ccccc2)N=C(O)NCc2ccc(F)cc2)C1,-0.18114328384399414,CC(C)[C@H]1Cc2cc(F)ccc2S(=O)(=O)N(C[C@@H](O)[C@H](Cc2ccccc2)N=C(O)NCc2ccc(F)cc2)C1
0,42,CN(C)c1cccc2c(S(=O)(=O)N[C@@H](CC(=N)O)C(=O)O)cccc12,-0.18291112780570984,CN(C)c1cccc2c(S(=O)(=O)N[C@@H](CC(=N)O)C(=O)O)cccc12
0,42,COc1cc(-c2cc(C)c(=O)n(C)c2)cc(OC)c1CN1CC(O)C1,-0.1841021627187729,COc1cc(-c2cc(C)c(=O)n(C)c2)cc(OC)c1CN1CC(O)C1
0,42,CC(C)n1c(CC[C@@H](O)C[C@@H](O)CC(=O)O)c(-c2ccc(F)cc2)c2c1C(=O)N(c1ccccc1)CCC2,-0.1857905387878418,CC(C)n1c(CC[C@@H](O)C[C@@H](O)CC(=O)O)c(-c2ccc(F)cc2)c2c1C(=O)N(c1ccccc1)CCC2
0,42,CS(=O)(=O)N1C[C@H](C(=O)Nc2ccc(Cl)cc2)[C@@H](C(O)=Nc2ccc(-n3ccccc3=O)c(Cl)c2)C1,-0.1907133311033249,CS(=O)(=O)N1C[C@H](C(=O)Nc2ccc(Cl)cc2)[C@@H](C(O)=Nc2ccc(-n3ccccc3=O)c(Cl)c2)C1
0,42,C[C@@H](C(=O)N1CCOCC1)N1CC[C@H](NS(=O)(=O)c2cc3cc(Cl)ccc3[nH]2)C1=O,-0.1908332109451294,C[C@@H](C(=O)N1CCOCC1)N1CC[C@H](NS(=O)(=O)c2cc3cc(Cl)ccc3[nH]2)C1=O
0,42,COc1cc(-c2cn(C)c(=O)c3cnccc23)c(OC)cc1CN(C)C,-0.19392655789852142,COc1cc(-c2cn(C)c(=O)c3cnccc23)c(OC)cc1CN(C)C
0,42,Cc1cc(S(=O)(=O)N(Cc2cccnc2)[C@H](C)C(O)=NO)ccc1F,-0.19618217647075653,Cc1cc(S(=O)(=O)N(Cc2cccnc2)[C@H](C)C(O)=NO)ccc1F
1,42,NS(=O)(=O)c1c(F)c(F)c(N[C@]23C[C@H]4C[C@H](C[C@H](C4)C2)C3)c(F)c1F,-0.13302701711654663,NS(=O)(=O)c1c(F)c(F)c(N[C@]23C[C@H]4C[C@H](C[C@H](C4)C2)C3)c(F)c1F
1,42,N=C(N)NCCCN(CC[C@H](N)C(=O)O)C[C@H]1O[C@@H](n2cnc3c(N)ncnc32)[C@H](O)[C@@H]1O,-0.14431658387184143,N=C(N)NCCCN(CC[C@H](N)C(=O)O)C[C@H]1O[C@@H](n2cnc3c(N)ncnc32)[C@H](O)[C@@H]1O
1,42,NS(=O)(=O)c1ccc(NC(=O)C[C@]23C[C@H]4C[C@H](C[C@H](C4)C2)C3)cc1,-0.14746172726154327,NS(=O)(=O)c1ccc(NC(=O)C[C@]23C[C@H]4C[C@H](C[C@H](C4)C2)C3)cc1
1,42,CN(C)C(=O)[C@@H]([C@H]1CC[C@H](c2ccc3ncnn3c2)CC1)[C@H](N)C(=O)N1C=C[C@H](F)C1,-0.15934371948242188,CN(C)C(=O)[C@@H]([C@H]1CC[C@H](c2ccc3ncnn3c2)CC1)[C@H](N)C(=O)N1C=C[C@H](F)C1
1,42,C[C@H](N=C(O)[C@@H](CO)NS(=O)(=O)Cc1ccccc1)C(O)=NCc1ccc(C(=N)N)cc1,-0.16143745183944702,C[C@H](N=C(O)[C@@H](CO)NS(=O)(=O)Cc1ccccc1)C(O)=NCc1ccc(C(=N)N)cc1
1,42,NS(=O)(=O)c1ccc(NC(O)=Nc2c(F)c(F)c(F)c(F)c2F)cc1,-0.17068831622600555,NS(=O)(=O)c1ccc(NC(O)=Nc2c(F)c(F)c(F)c(F)c2F)cc1
1,42,NS(=O)(=O)c1ccc(N=C(O)NS(=O)(=O)c2ccc(F)cc2)cn1,-0.17292726039886475,NS(=O)(=O)c1ccc(N=C(O)NS(=O)(=O)c2ccc(F)cc2)cn1
1,42,CN(C)C(=O)[C@@H]([C@H]1CC[C@H](c2ccc3ncnn3c2)CC1)[C@H](N)C(=O)N1CC[C@H](F)C1,-0.17344637215137482,CN(C)C(=O)[C@@H]([C@H]1CC[C@H](c2ccc3ncnn3c2)CC1)[C@H](N)C(=O)N1CC[C@H](F)C1
1,42,CN(C)C(=O)[C@@H]([C@H]1CC[C@H](c2ccc3ncnn3c2)CC1)[C@H](N)C(=O)N1CCC(F)(F)C1,-0.17359082400798798,CN(C)C(=O)[C@@H]([C@H]1CC[C@H](c2ccc3ncnn3c2)CC1)[C@H](N)C(=O)N1CCC(F)(F)C1
1,42,NS(=O)(=O)c1ccc(C(=O)N2CCc3cc(O)c(O)cc3[C@H]2c2ccccc2)cc1,-0.17788739502429962,NS(=O)(=O)c1ccc(C(=O)N2CCc3cc(O)c(O)cc3[C@H]2c2ccccc2)cc1
1,42,NS(=O)(=O)c1ccc(NC(=O)C[C@]23C[C@H]4C[C@H](C[C@H](C4)C2)C3)c(Cl)c1,-0.17809374630451202,NS(=O)(=O)c1ccc(NC(=O)C[C@]23C[C@H]4C[C@H](C[C@H](C4)C2)C3)c(Cl)c1
1,42,NS(=O)(=O)c1ccc(N=C(O)NS(=O)(=O)c2ccc(F)cc2)c(Cl)c1,-0.17916765809059143,NS(=O)(=O)c1ccc(N=C(O)NS(=O)(=O)c2ccc(F)cc2)c(Cl)c1
1,42,NS(=O)(=O)c1ccc(N=C(O)NS(=O)(=O)c2ccc(F)cc2)c(C(=O)O)c1,-0.18016546964645386,NS(=O)(=O)c1ccc(N=C(O)NS(=O)(=O)c2ccc(F)cc2)c(C(=O)O)c1
1,42,C[C@H](N=C(O)[C@@H](CO)NS(=O)(=O)Cc1ccccc1)C(O)=NCc1ccc(NC(=N)N)cc1,-0.18102207779884338,C[C@H](N=C(O)[C@@H](CO)NS(=O)(=O)Cc1ccccc1)C(O)=NCc1ccc(NC(=N)N)cc1
1,42,CN(C)C(O)=Nc1ccc(Cl)c(Cl)c1,-0.25134149193763733,CN(C)C(O)=Nc1ccc(Cl)c(Cl)c1
2,42,N=c1nc(O)c2ncn([C@H]3C[C@H](O)[C@@H](COP(=O)(O)CP(=O)(O)NP(=O)(O)O)O3)c2[nH]1,-0.1323290318250656,N=c1nc(O)c2ncn([C@H]3C[C@H](O)[C@@H](COP(=O)(O)CP(=O)(O)NP(=O)(O)O)O3)c2[nH]1
2,42,N=c1nc(O)c2ncn([C@H]3C[C@H](O)[C@@H](COP(=O)(O)NP(=O)(O)CP(=O)(O)O)O3)c2[nH]1,-0.15891186892986298,N=c1nc(O)c2ncn([C@H]3C[C@H](O)[C@@H](COP(=O)(O)NP(=O)(O)CP(=O)(O)O)O3)c2[nH]1
2,42,NS(=O)(=O)c1ccc(N=C(O)NS(=O)(=O)c2ccc(F)c(C(F)(F)F)c2)cn1,-0.15917828679084778,NS(=O)(=O)c1ccc(N=C(O)NS(=O)(=O)c2ccc(F)c(C(F)(F)F)c2)cn1
2,42,NS(=O)(=O)c1ccc(C(=O)NCC(F)(F)C(F)(F)C(F)(F)C(F)(F)C(F)(F)F)cc1,-0.16128304600715637,NS(=O)(=O)c1ccc(C(=O)NCC(F)(F)C(F)(F)C(F)(F)C(F)(F)C(F)(F)F)cc1
2,42,Cc1cc(S(N)(=O)=O)ccc1NC(=O)COc1ccc(Cl)cc1C(=O)c1cc(Cl)cc(C#N)c1,-0.17067760229110718,Cc1cc(S(N)(=O)=O)ccc1NC(=O)COc1ccc(Cl)cc1C(=O)c1cc(Cl)cc(C#N)c1
2,42,NS(=O)(=O)c1ccc(C(=O)NCC(F)(F)C(F)(F)C(F)(F)C(F)(F)F)cc1,-0.1709495335817337,NS(=O)(=O)c1ccc(C(=O)NCC(F)(F)C(F)(F)C(F)(F)C(F)(F)F)cc1
2,42,NS(=O)(=O)c1ccc(NC(O)=Nc2c(F)c(F)c(-c3ccccc3)c(F)c2F)c(Cl)c1,-0.1761808544397354,NS(=O)(=O)c1ccc(NC(O)=Nc2c(F)c(F)c(-c3ccccc3)c(F)c2F)c(Cl)c1
2,42,N=C(O)[C@H](CCC(=O)O)NC(=O)c1ccc2cc(C(F)(F)P(=O)(O)O)ccc2c1,-0.17618772387504578,N=C(O)[C@H](CCC(=O)O)NC(=O)c1ccc2cc(C(F)(F)P(=O)(O)O)ccc2c1
2,42,NS(=O)(=O)c1ccc(NC(O)=Nc2c(F)c(F)c(-c3ccccc3)c(F)c2F)c(C(=O)O)c1,-0.1776113361120224,NS(=O)(=O)c1ccc(NC(O)=Nc2c(F)c(F)c(-c3ccccc3)c(F)c2F)c(C(=O)O)c1
2,42,COc1ccc(-c2ccc(S(=O)(=O)N[C@H](C(C)C)P(=O)(O)O)cc2)cc1,-0.18040713667869568,COc1ccc(-c2ccc(S(=O)(=O)N[C@H](C(C)C)P(=O)(O)O)cc2)cc1
2,42,COc1ccc(S(=O)(=O)N(Cc2cccnc2)[C@@H](C(O)=NO)C(C)C)cc1,-0.18490761518478394,COc1ccc(S(=O)(=O)N(Cc2cccnc2)[C@@H](C(O)=NO)C(C)C)cc1
2,42,NS(=O)(=O)c1ccc(N=C(O)NS(=O)(=O)c2ccc(F)c(C(F)(F)F)c2)c(Cl)c1,-0.18641166388988495,NS(=O)(=O)c1ccc(N=C(O)NS(=O)(=O)c2ccc(F)c(C(F)(F)F)c2)c(Cl)c1
2,42,NS(=O)(=O)c1ccc(NC(O)=Nc2c(F)c(F)c(-c3ccccc3)c(F)c2F)cc1,-0.18747645616531372,NS(=O)(=O)c1ccc(NC(O)=Nc2c(F)c(F)c(-c3ccccc3)c(F)c2F)cc1
2,42,NS(=O)(=O)c1ccc(NC(O)=Nc2c(F)c(F)c(-c3ccccc3)c(F)c2F)c(F)c1,-0.1909421980381012,NS(=O)(=O)c1ccc(NC(O)=Nc2c(F)c(F)c(-c3ccccc3)c(F)c2F)c(F)c1
2,42,NS(=O)(=O)c1ccc(N=C(O)NS(=O)(=O)c2ccc(F)c(C(F)(F)F)c2)c(C(=O)O)c1,-0.19204460084438324,NS(=O)(=O)c1ccc(N=C(O)NS(=O)(=O)c2ccc(F)c(C(F)(F)F)c2)c(C(=O)O)c1
2,42,NS(=O)(=O)c1ccc(NC(O)=Nc2c(F)c(F)c(F)c(F)c2F)c(Cl)c1,-0.2015739530324936,NS(=O)(=O)c1ccc(NC(O)=Nc2c(F)c(F)c(F)c(F)c2F)c(Cl)c1
2,42,NS(=O)(=O)c1ccc(N=C(O)NS(=O)(=O)c2ccc(F)c(F)c2)cn1,-0.20721027255058289,NS(=O)(=O)c1ccc(N=C(O)NS(=O)(=O)c2ccc(F)c(F)c2)cn1
3,42,CN1CCc2nc(C(=O)N3CCN(S(=O)(=O)c4ccc5cc(Cl)ccc5c4)C[C@@H]3C(=N)O)sc2C1,-0.11606930196285248,CN1CCc2nc(C(=O)N3CCN(S(=O)(=O)c4ccc5cc(Cl)ccc5c4)C[C@@H]3C(=N)O)sc2C1
3,42,CN[C@@H]1C[C@H]2O[C@@](C)([C@@H]1OC)n1c3ccccc3c3c4c(c5c6c(n2c5c31)CCCC6)C(=O)N=C4,-0.11708579212427139,CN[C@@H]1C[C@H]2O[C@@](C)([C@@H]1OC)n1c3ccccc3c3c4c(c5c6c(n2c5c31)CCCC6)C(=O)N=C4
3,42,N=C(N)c1ccc([C@H]2[C@H]3C(=O)N(Cc4ccc5c(c4)OCO5)C(=O)[C@H]3[C@@H]3C[C@@H](O)CN32)cc1,-0.12332023680210114,N=C(N)c1ccc([C@H]2[C@H]3C(=O)N(Cc4ccc5c(c4)OCO5)C(=O)[C@H]3[C@@H]3C[C@@H](O)CN32)cc1
3,42,C[C@@H]1CN(CC(=O)N2CC(C)(C)c3ncc(Cc4ccccc4)cc32)[C@@H](CN2C=CCC2=O)CN1,-0.12939326465129852,C[C@@H]1CN(CC(=O)N2CC(C)(C)c3ncc(Cc4ccccc4)cc32)[C@@H](CN2C=CCC2=O)CN1
3,42,CN[C@@H]1C[C@H]2O[C@@](C)([C@@H]1OC)n1c3ccccc3c3c4c(c5c6c(n2c5c31)CCCC6)C(O)=NC4,-0.13835598528385162,CN[C@@H]1C[C@H]2O[C@@](C)([C@@H]1OC)n1c3ccccc3c3c4c(c5c6c(n2c5c31)CCCC6)C(O)=NC4
3,42,CN[C@@H]1C[C@H]2O[C@@](C)([C@@H]1OC)n1c3ccccc3c3c4c(c5c6ccccc6n2c5c31)C(=O)N=C4,-0.14657548069953918,CN[C@@H]1C[C@H]2O[C@@](C)([C@@H]1OC)n1c3ccccc3c3c4c(c5c6ccccc6n2c5c31)C(=O)N=C4
3,42,N=C(N)c1ccc([C@H]2[C@H]3C(=O)N(Cc4ccc(F)cc4)[C@H](C(F)F)[C@H]3[C@@H]3CCCN32)cc1,-0.1563386768102646,N=C(N)c1ccc([C@H]2[C@H]3C(=O)N(Cc4ccc(F)cc4)[C@H](C(F)F)[C@H]3[C@@H]3CCCN32)cc1
3,42,N=C(N)c1ccc([C@H]2[C@H]3C(=O)N(Cc4ccc5c(c4)OCO5)[C@H](C(F)F)[C@H]3[C@@H]3CCCN32)cc1,-0.15883591771125793,N=C(N)c1ccc([C@H]2[C@H]3C(=O)N(Cc4ccc5c(c4)OCO5)[C@H](C(F)F)[C@H]3[C@@H]3CCCN32)cc1
3,42,C[C@@H]1CN(CC(=O)N2CC(C)(C)c3ncc(Cc4ccccc4)cc32)[C@@H](C(=O)N2CCOCC2)CN1,-0.17176437377929688,C[C@@H]1CN(CC(=O)N2CC(C)(C)c3ncc(Cc4ccccc4)cc32)[C@@H](C(=O)N2CCOCC2)CN1
3,42,O=C1[C@@H](NS(=O)(=O)c2ccc3cc(Cl)ccc3c2)CCN1c1ccc([C@H]2CCCN2)cc1F,-0.17361150681972504,O=C1[C@@H](NS(=O)(=O)c2ccc3cc(Cl)ccc3c2)CCN1c1ccc([C@H]2CCCN2)cc1F
3,42,CN1CCc2nc(C(=O)N[C@@H]3CCCC[C@@H]3N=C(O)c3cc4cc(Cl)ccc4[nH]3)sc2C1,-0.17762123048305511,CN1CCc2nc(C(=O)N[C@@H]3CCCC[C@@H]3N=C(O)c3cc4cc(Cl)ccc4[nH]3)sc2C1
3,42,C[C@@H]1CN(CC(=O)N2CC(C)(C)c3ncc(Cc4ccccc4)cc32)[C@@H](CN2C=CCC2=O)CO1,-0.18549905717372894,C[C@@H]1CN(CC(=O)N2CC(C)(C)c3ncc(Cc4ccccc4)cc32)[C@@H](CN2C=CCC2=O)CO1
3,42,O=C1[C@@H](NS(=O)(=O)c2ccc3cc(Cl)ccc3c2)CCN1c1ccc2c(c1F)CCNC2,-0.19424770772457123,O=C1[C@@H](NS(=O)(=O)c2ccc3cc(Cl)ccc3c2)CCN1c1ccc2c(c1F)CCNC2
3,42,N#Cc1cnc(N=C(O)N=C2CC(c3ccccc3)=NN2)cn1,-0.19858688116073608,N#Cc1cnc(N=C(O)N=C2CC(c3ccccc3)=NN2)cn1
3,42,N[C@@H](CC(=O)N1CCn2c(nnc2C(F)(F)F)C1)Cc1cc(F)c(F)cc1F,-0.20673276484012604,N[C@@H](CC(=O)N1CCn2c(nnc2C(F)(F)F)C1)Cc1cc(F)c(F)cc1F
3,42,N#Cc1cnn2c(NC3CC3)cc(-c3sccc3C3C=CC(=O)N=C3)nc12,-0.21449504792690277,N#Cc1cnn2c(NC3CC3)cc(-c3sccc3C3C=CC(=O)N=C3)nc12
3,42,C[C@@H]1CN(CC(=O)N2CCc3cnc(Cl)cc32)CCN1,-0.23002921044826508,C[C@@H]1CN(CC(=O)N2CCc3cnc(Cl)cc32)CCN1
3,42,CN(C)C(=O)N1CC(c2cc(F)ccc2F)C[C@H]1c1ccccc1,-0.2315395325422287,CN(C)C(=O)N1CC(c2cc(F)ccc2F)C[C@H]1c1ccccc1
3,42,C[C@H](N=C1N=C(O)[C@@](C)(C(C)(C)O)S1)c1ccc(F)cc1,-0.24481339752674103,C[C@H](N=C1N=C(O)[C@@](C)(C(C)(C)O)S1)c1ccc(F)cc1
4,42,NS(=O)(=O)c1ccc(C(=O)N2CCc3cc(O)c(O)cc3[C@H]2c2ccc(O)c(O)c2)cc1,-0.15555155277252197,NS(=O)(=O)c1ccc(C(=O)N2CCc3cc(O)c(O)cc3[C@H]2c2ccc(O)c(O)c2)cc1
4,42,NS(=O)(=O)c1ccc(N=C(O)NS(=O)(=O)c2ccc(C(F)(F)F)cc2)cn1,-0.16024251282215118,NS(=O)(=O)c1ccc(N=C(O)NS(=O)(=O)c2ccc(C(F)(F)F)cc2)cn1
4,42,NS(=O)(=O)c1ccc(C(=O)N2CCc3cc(O)c(O)cc3[C@H]2c2cccc(O)c2)cc1,-0.16830070316791534,NS(=O)(=O)c1ccc(C(=O)N2CCc3cc(O)c(O)cc3[C@H]2c2cccc(O)c2)cc1
4,42,C[C@@H](C(=O)N(C)C)N(CC(F)(F)F)c1ccc(C#N)c(C(F)(F)F)c1,-0.16980840265750885,C[C@@H](C(=O)N(C)C)N(CC(F)(F)F)c1ccc(C#N)c(C(F)(F)F)c1
4,42,NS(=O)(=O)c1ccc(C(=O)N2CCc3cc(O)c(O)cc3C2)cc1,-0.18088313937187195,NS(=O)(=O)c1ccc(C(=O)N2CCc3cc(O)c(O)cc3C2)cc1
4,42,NS(=O)(=O)c1ccc(C(=O)NCC(F)(F)C(F)(F)C(F)(F)F)cc1,-0.18130138516426086,NS(=O)(=O)c1ccc(C(=O)NCC(F)(F)C(F)(F)C(F)(F)F)cc1
4,42,Cc1c(Sc2ccc(C(F)(F)F)cc2)sc2c1C(N)NC(=N)N2,-0.18199551105499268,Cc1c(Sc2ccc(C(F)(F)F)cc2)sc2c1C(N)NC(=N)N2
4,42,NS(=O)(=O)c1ccc(N=C(O)NS(=O)(=O)c2ccc(F)cc2)c(C(F)(F)F)c1,-0.1845530867576599,NS(=O)(=O)c1ccc(N=C(O)NS(=O)(=O)c2ccc(F)cc2)c(C(F)(F)F)c1
5,42,C[C@@H]1CN(CC(=O)N2CC(C)(C)c3ncc(Cc4ccc(F)cc4)cc32)[C@@H](CN2C=CCC2=O)CN1,-0.13518597185611725,C[C@@H]1CN(CC(=O)N2CC(C)(C)c3ncc(Cc4ccc(F)cc4)cc32)[C@@H](CN2C=CCC2=O)CN1
5,42,N=C(N)c1ccc([C@H]2[C@H]3C(=O)N(Cc4ccc5c(c4)OCO5)[C@H](C(F)(F)F)[C@H]3[C@@H]3CCCN32)cc1,-0.14533136785030365,N=C(N)c1ccc([C@H]2[C@H]3C(=O)N(Cc4ccc5c(c4)OCO5)[C@H](C(F)(F)F)[C@H]3[C@@H]3CCCN32)cc1
5,42,CN[C@@H]1C[C@H]2O[C@@](C)([C@@H]1OC)n1c3ccccc3c3c4c(c5c6c(n2c5c31)CCCC6)C(O)=NC4=O,-0.15123587846755981,CN[C@@H]1C[C@H]2O[C@@](C)([C@@H]1OC)n1c3ccccc3c3c4c(c5c6c(n2c5c31)CCCC6)C(O)=NC4=O
5,42,N=C(N)c1ccc([C@H]2[C@H]3C(=O)N(Cc4ccc5c(c4)OCO5)[C@H](C4CC4)[C@H]3[C@@H]3CCCN32)cc1,-0.16232746839523315,N=C(N)c1ccc([C@H]2[C@H]3C(=O)N(Cc4ccc5c(c4)OCO5)[C@H](C4CC4)[C@H]3[C@@H]3CCCN32)cc1
5,42,N=C(N)c1ccc([C@H]2[C@H]3C(=O)N(Cc4ccc5c(c4)OCO5)C(=O)[C@H]3[C@@H]3C[C@@H](O)CN32)c(Cl)c1,-0.16765296459197998,N=C(N)c1ccc([C@H]2[C@H]3C(=O)N(Cc4ccc5c(c4)OCO5)C(=O)[C@H]3[C@@H]3C[C@@H](O)CN32)c(Cl)c1
5,42,CN[C@@H]1C[C@H]2O[C@@](C)([C@@H]1OC)n1c3ccccc3c3c4c(c5c6c(n2c5c31)CCCC6)C(=O)N(C)C4,-0.1689475029706955,CN[C@@H]1C[C@H]2O[C@@](C)([C@@H]1OC)n1c3ccccc3c3c4c(c5c6c(n2c5c31)CCCC6)C(=O)N(C)C4
5,42,C[C@@H]1CN(CC(=O)N2CC(C)(C)c3ncc(Cc4ccc(F)cc4)cc32)[C@@H](CN2CCOC[C@H]2C)CN1,-0.17370696365833282,C[C@@H]1CN(CC(=O)N2CC(C)(C)c3ncc(Cc4ccc(F)cc4)cc32)[C@@H](CN2CCOC[C@H]2C)CN1
5,42,CN1CCN(c2ccc(C3C=NC4=Nc5cnc(C(=O)O)cc5C4=C3)cc2)CC1,-0.19626377522945404,CN1CCN(c2ccc(C3C=NC4=Nc5cnc(C(=O)O)cc5C4=C3)cc2)CC1
5,42,N#Cc1cc(Cl)cc(Oc2cc(OCc3n[nH]c4c3=CCC(=N)N=4)ccc2Cl)c1,-0.20448754727840424,N#Cc1cc(Cl)cc(Oc2cc(OCc3n[nH]c4c3=CCC(=N)N=4)ccc2Cl)c1
5,42,N=C1NCc2ncn([C@H]3CC[C@@H](COP(=O)=O)O3)c2N1,-0.22756150364875793,N=C1NCc2ncn([C@H]3CC[C@@H](COP(=O)=O)O3)c2N1
5,42,N=C1NCc2ncn([C@H]3C[C@H](O)[C@@H](COP(=O)=O)O3)c2N1,-0.23645618557929993,N=C1NCc2ncn([C@H]3C[C@H](O)[C@@H](COP(=O)=O)O3)c2N1
6,42,COc1ccc2c(c1)cc(C(O)=NS(=O)(=O)c1ccc(C(F)(F)F)cc1)n2CC(=O)O,-0.15626487135887146,COc1ccc2c(c1)cc(C(O)=NS(=O)(=O)c1ccc(C(F)(F)F)cc1)n2CC(=O)O
6,42,Cc1cc(S(=O)(=O)N(Cc2ccc([N+](=O)[O-])cc2)[C@H](C)C(O)=NO)ccc1F,-0.1587512046098709,Cc1cc(S(=O)(=O)N(Cc2ccc([N+](=O)[O-])cc2)[C@H](C)C(O)=NO)ccc1F
6,42,NS(=O)(=O)c1c(F)c(F)c(S(=O)(=O)CCO)c(N[C@H]2CCc3ccccc32)c1F,-0.17551906406879425,NS(=O)(=O)c1c(F)c(F)c(S(=O)(=O)CCO)c(N[C@H]2CCc3ccccc32)c1F
6,42,Cc1cc(S(=O)(=O)N(Cc2cccc(CN)c2)[C@H](C)C(O)=NO)ccc1F,-0.17961269617080688,Cc1cc(S(=O)(=O)N(Cc2cccc(CN)c2)[C@H](C)C(O)=NO)ccc1F
6,42,COc1ccc(S(=O)(=O)N(CC(C)C)C[C@@H](O)[C@H](Cc2ccccc2)N=C(O)c2cccc(O)c2)cc1,-0.18504047393798828,COc1ccc(S(=O)(=O)N(CC(C)C)C[C@@H](O)[C@H](Cc2ccccc2)N=C(O)c2cccc(O)c2)cc1
6,42,COc1ccc(S(=O)(=O)N(CC(C)C)C[C@@H](O)[C@H](Cc2ccccc2)N=C(O)c2cccc(O)c2C)cc1,-0.18983875215053558,COc1ccc(S(=O)(=O)N(CC(C)C)C[C@@H](O)[C@H](Cc2ccccc2)N=C(O)c2cccc(O)c2C)cc1
6,42,COc1ccc2c(c1)c(CC(=O)O)c(C)n2C(=O)c1ccc(Cl)cc1,-0.1929520219564438,COc1ccc2c(c1)c(CC(=O)O)c(C)n2C(=O)c1ccc(Cl)cc1
6,42,Cc1cc(S(N)(=O)=O)ccc1NC(=O)COc1ccc(Cl)cc1C(=O)c1cc(Cl)cc(C(=O)O)c1,-0.20024776458740234,Cc1cc(S(N)(=O)=O)ccc1NC(=O)COc1ccc(Cl)cc1C(=O)c1cc(Cl)cc(C(=O)O)c1
6,42,C[C@H](C(=O)O)c1ccc(-c2ccccc2)c(F)c1,-0.2281140685081482,C[C@H](C(=O)O)c1ccc(-c2ccccc2)c(F)c1
7,42,C[C@@H]1CN(CC(=O)N2CC(C)(C)c3ncc(Cc4ccccc4)cc32)[C@@H](CN2C=CC[C@H]2C(=O)O)CN1,-0.1637497991323471,C[C@@H]1CN(CC(=O)N2CC(C)(C)c3ncc(Cc4ccccc4)cc32)[C@@H](CN2C=CC[C@H]2C(=O)O)CN1
7,42,C[C@@H]1CN(CC(=O)N2CC(C)(C)c3ncc(Cc4ccccc4)cc32)[C@@H](CN2C=CCC2=O)[C@H](O)[C@@H]1O,-0.17616522312164307,C[C@@H]1CN(CC(=O)N2CC(C)(C)c3ncc(Cc4ccccc4)cc32)[C@@H](CN2C=CCC2=O)[C@H](O)[C@@H]1O
7,42,C[C@@H]1CN(CC(=O)N2CC(C)(C)c3ncc(Cc4ccccc4)cc32)[C@@H](CN2C=CCC2=O)[C@H]1O,-0.17795570194721222,C[C@@H]1CN(CC(=O)N2CC(C)(C)c3ncc(Cc4ccccc4)cc32)[C@@H](CN2C=CCC2=O)[C@H]1O
7,42,C[C@@H]1CN(CC(=O)N2CC(C)(C)c3ncc(Cc4ccc(F)cc4)cc32)[C@@H](CN2C=CCC2=O)[C@H]1O,-0.18345750868320465,C[C@@H]1CN(CC(=O)N2CC(C)(C)c3ncc(Cc4ccc(F)cc4)cc32)[C@@H](CN2C=CCC2=O)[C@H]1O
7,42,N=C1N=C(O)C2=NC(=O)N([C@H]3C[C@H](O)[C@@H](COP(=O)=O)O3)C2=N1,-0.18439051508903503,N=C1N=C(O)C2=NC(=O)N([C@H]3C[C@H](O)[C@@H](COP(=O)=O)O3)C2=N1
8,42,NS(=O)(=O)N1C[C@H](C(=O)Nc2ccc(Cl)cc2)[C@@H](C(O)=Nc2ccc(-n3ccccc3=O)cc2F)C1,-0.13818880915641785,NS(=O)(=O)N1C[C@H](C(=O)Nc2ccc(Cl)cc2)[C@@H](C(O)=Nc2ccc(-n3ccccc3=O)cc2F)C1
8,42,CC(C)[C@H](NS(=O)(=O)c1ccc(-c2ccccc2)cc1)P(=O)(O)C[C@H](C(=O)O)c1cccc(CN)c1,-0.15148451924324036,CC(C)[C@H](NS(=O)(=O)c1ccc(-c2ccccc2)cc1)P(=O)(O)C[C@H](C(=O)O)c1cccc(CN)c1
8,42,Cc1cc(S(N)(=O)=O)ccc1NC(=O)COc1ccc(Cl)cc1C(=O)c1cc(F)cc(C(F)(F)F)c1,-0.1725274920463562,Cc1cc(S(N)(=O)=O)ccc1NC(=O)COc1ccc(Cl)cc1C(=O)c1cc(F)cc(C(F)(F)F)c1
8,42,CC(C)[C@H](NS(=O)(=O)c1ccc(-c2ccc(CSc3nc(O)c4c(n3)CC=C4)cc2)cc1)C(=O)O,-0.19101576507091522,CC(C)[C@H](NS(=O)(=O)c1ccc(-c2ccc(CSc3nc(O)c4c(n3)CC=C4)cc2)cc1)C(=O)O
9,42,COc1cc2c(cc1OS(N)(O)O)CC[C@@H]1[C@@H]2CC[C@]2(C)[C@@H](OS(N)(O)O)CC[C@@H]12,-0.15788252651691437,COc1cc2c(cc1OS(N)(O)O)CC[C@@H]1[C@@H]2CC[C@]2(C)[C@@H](OS(N)(O)O)CC[C@@H]12
0,101,COC(=O)[C@H](Cc1cccc(C(=N)N)c1)[C@@H](C)NC(=O)c1ccc(-c2cccc(C(=N)N)c2)cc1,-0.171533465385437,COC(=O)[C@H](Cc1cccc(C(=N)N)c1)[C@@H](C)NC(=O)c1ccc(-c2cccc(C(=N)N)c2)cc1
0,101,COC(=O)[C@H](Cc1cccc(C(=N)N)c1)[C@@H](C)NC(=O)c1ccc(-c2cccc(CN)c2)cc1,-0.1925376057624817,COC(=O)[C@H](Cc1cccc(C(=N)N)c1)[C@@H](C)NC(=O)c1ccc(-c2cccc(CN)c2)cc1
0,101,COC(=O)Nc1ccc(-c2ccnc([C@H](Cc3ccccc3)N=C(O)[C@H](Cc3ccccc3)N=C(C)O)c2)cc1,-0.1974615454673767,COC(=O)Nc1ccc(-c2ccnc([C@H](Cc3ccccc3)N=C(O)[C@H](Cc3ccccc3)N=C(C)O)c2)cc1
0,101,COC(=O)[C@H](Cc1cccc(C(=N)N)c1)[C@@H](C)NC(=O)c1ccc(-c2ccc(C(=N)N)cc2)cc1,-0.19890202581882477,COC(=O)[C@H](Cc1cccc(C(=N)N)c1)[C@@H](C)NC(=O)c1ccc(-c2ccc(C(=N)N)cc2)cc1
0,101,C[C@@H](C(=O)N1CCOCC1)N1CC[C@H](NS(=O)(=O)c2cc3cc(Cl)ccc3n2CC(=O)O)C1=O,-0.202182799577713,C[C@@H](C(=O)N1CCOCC1)N1CC[C@H](NS(=O)(=O)c2cc3cc(Cl)ccc3n2CC(=O)O)C1=O
1,101,CN(C)[C@@H]1C(O)=C(C(=N)O)C(=O)[C@@]2(O)C(O)=C3C(=O)c4c(O)cccc4[C@@](C)(O)[C@H]3C[C@@H]12,-0.13586939871311188,CN(C)[C@@H]1C(O)=C(C(=N)O)C(=O)[C@@]2(O)C(O)=C3C(=O)c4c(O)cccc4[C@@](C)(O)[C@H]3C[C@@H]12
1,101,CN(C)[C@@H]1C(O)C(C(=N)O)C(=O)[C@@]2(O)[C@@H](O)[C@@H]3C(=O)c4c(O)ccc(Cl)c4[C@@](C)(O)[C@H]3C[C@@H]12,-0.14894720911979675,CN(C)[C@@H]1C(O)C(C(=N)O)C(=O)[C@@]2(O)[C@@H](O)[C@@H]3C(=O)c4c(O)ccc(Cl)c4[C@@](C)(O)[C@H]3C[C@@H]12
1,101,CN(C)[C@@H]1C(O)=C(C(=N)O)C(=O)[C@@]2(O)C(O)[C@@H]3C(=O)c4c(O)cccc4[C@@](C)(O)[C@H]3C[C@@H]12,-0.15367662906646729,CN(C)[C@@H]1C(O)=C(C(=N)O)C(=O)[C@@]2(O)C(O)[C@@H]3C(=O)c4c(O)cccc4[C@@](C)(O)[C@H]3C[C@@H]12
1,101,CC[C@H](N)C(O)=N[C@@H]1C(=O)N2[C@@H](CC[C@@H]1CO)CC[C@H]2C(O)=NC(c1ccccc1)c1ccccc1,-0.15607020258903503,CC[C@H](N)C(O)=N[C@@H]1C(=O)N2[C@@H](CC[C@@H]1CO)CC[C@H]2C(O)=NC(c1ccccc1)c1ccccc1
1,101,CN(C)[C@@H]1C(O)C(C(=N)O)C(=O)[C@@]2(O)C(O)=C3C(=O)c4c(O)cccc4[C@@](C)(O)[C@H]3C[C@@H]12,-0.16351328790187836,CN(C)[C@@H]1C(O)C(C(=N)O)C(=O)[C@@]2(O)C(O)=C3C(=O)c4c(O)cccc4[C@@](C)(O)[C@H]3C[C@@H]12
1,101,NS(=O)(=O)N1C[C@H](C(=O)Nc2ccc(Cl)cc2)[C@@H](C(O)=Nc2ccc(-n3ccccc3=O)cc2)C1,-0.17574293911457062,NS(=O)(=O)N1C[C@H](C(=O)Nc2ccc(Cl)cc2)[C@@H](C(O)=Nc2ccc(-n3ccccc3=O)cc2)C1
1,101,NS(=O)(=O)N1C[C@H](C(=O)Nc2ccc(Cl)cc2)[C@@H](C(O)=Nc2ccc(Cl)cc2)C1,-0.19184145331382751,NS(=O)(=O)N1C[C@H](C(=O)Nc2ccc(Cl)cc2)[C@@H](C(O)=Nc2ccc(Cl)cc2)C1
1,101,NS(=O)(=O)N1C[C@H](C(=O)Nc2ccc(Cl)cc2)[C@@H](C(O)=Nc2ccc(C(=O)O)cc2)C1,-0.1919374167919159,NS(=O)(=O)N1C[C@H](C(=O)Nc2ccc(Cl)cc2)[C@@H](C(O)=Nc2ccc(C(=O)O)cc2)C1
1,101,NS(=O)(=O)c1c(F)c(F)c(N2CCCCC2)c(F)c1F,-0.21043361723423004,NS(=O)(=O)c1c(F)c(F)c(N2CCCCC2)c(F)c1F
2,101,CS(=O)(=O)n1cc2c(n1)CN([C@H]1CO[C@H](c3cc(F)c(F)cc3F)[C@@H](N)C1)C2,-0.15998612344264984,CS(=O)(=O)n1cc2c(n1)CN([C@H]1CO[C@H](c3cc(F)c(F)cc3F)[C@@H](N)C1)C2
2,101,N=c1nc(O)c2ncn([C@H]3C[C@H](O)[C@@H](COP(=O)(O)CP(=O)(O)OP(=O)(O)O)O3)c2[nH]1,-0.16196812689304352,N=c1nc(O)c2ncn([C@H]3C[C@H](O)[C@@H](COP(=O)(O)CP(=O)(O)OP(=O)(O)O)O3)c2[nH]1
2,101,NS(=O)(=O)c1ccc(C(=O)NCC(F)(F)C(F)(F)C(F)(F)C(F)(F)C(F)(F)C(F)(F)F)cc1,-0.17432601749897003,NS(=O)(=O)c1ccc(C(=O)NCC(F)(F)C(F)(F)C(F)(F)C(F)(F)C(F)(F)C(F)(F)F)cc1
2,101,COc1ccc(S(=O)(=O)N(CC(C)C)C[C@@H](O)[C@H](Cc2ccccc2)N=C(O)c2ccc(O)c(O)c2)cc1,-0.1928713321685791,COc1ccc(S(=O)(=O)N(CC(C)C)C[C@@H](O)[C@H](Cc2ccccc2)N=C(O)c2ccc(O)c(O)c2)cc1
2,101,CC(C)n1c(CC[C@@H](O)C[C@@H](O)CC(=O)O)c(-c2ccc(F)cc2)c(-c2ccc(F)cc2)c1C(=N)O,-0.20862242579460144,CC(C)n1c(CC[C@@H](O)C[C@@H](O)CC(=O)O)c(-c2ccc(F)cc2)c(-c2ccc(F)cc2)c1C(=N)O
3,101,COc1ccc(-c2cn(C)c(=O)c3c2S[C@H](C(=O)N2CCN(S(C)(=O)=O)CC2)C3)cc1OC,-0.17280246317386627,COc1ccc(-c2cn(C)c(=O)c3c2S[C@H](C(=O)N2CCN(S(C)(=O)=O)CC2)C3)cc1OC
3,101,C[C@H](N=C1N=C(O)[C@@](C)(C(C)(C)O)S1)c1ccc(-n2cccn2)cc1,-0.2085687667131424,C[C@H](N=C1N=C(O)[C@@](C)(C(C)(C)O)S1)c1ccc(-n2cccn2)cc1
9,42,CC(C)[C@H](C)n1cc(-c2cc(C(C)(C)O)n(C)n2)c2[nH][nH]c(=N)c2c1=O,-0.16380196809768677,CC(C)[C@H](C)n1cc(-c2cc(C(C)(C)O)n(C)n2)c2[nH][nH]c(=N)c2c1=O
9,42,CC(C)[C@H]1Cc2cc(F)ccc2S(=O)(=O)N(C[C@@H](O)[C@H](Cc2ccccc2)N=C(O)O[C@@H]2CCOC2)C1,-0.20216670632362366,CC(C)[C@H]1Cc2cc(F)ccc2S(=O)(=O)N(C[C@@H](O)[C@H](Cc2ccccc2)N=C(O)O[C@@H]2CCOC2)C1
9,42,CC(C)[C@H]1Cc2cc(F)ccc2S(=O)(=O)N(C[C@@H](O)[C@H](Cc2ccccc2)N=C(O)OC(C)(C)C)C1,-0.20423592627048492,CC(C)[C@H]1Cc2cc(F)ccc2S(=O)(=O)N(C[C@@H](O)[C@H](Cc2ccccc2)N=C(O)OC(C)(C)C)C1
9,42,COc1ccc(-c2cn(C)c(=O)c3c2S[C@H](C(=O)N2CCN(S(C)(=O)=O)CC2)C3)cc1,-0.2119486927986145,COc1ccc(-c2cn(C)c(=O)c3c2S[C@H](C(=O)N2CCN(S(C)(=O)=O)CC2)C3)cc1
10,42,COc1ccc(-c2cc3c(C)[nH]c(=N)nc3n([C@H]3CC[C@H](OCCO)CC3)c2=O)cn1,-0.15753942728042603,COc1ccc(-c2cc3c(C)[nH]c(=N)nc3n([C@H]3CC[C@H](OCCO)CC3)c2=O)cn1
10,42,O=C1[C@@H](NS(=O)(=O)c2ccc3cc(Cl)ccc3c2)CCN1c1ccc([C@H]2CCC(O)=N2)cc1F,-0.17021456360816956,O=C1[C@@H](NS(=O)(=O)c2ccc3cc(Cl)ccc3c2)CCN1c1ccc([C@H]2CCC(O)=N2)cc1F
10,42,O=C1[C@@H](NS(=O)(=O)c2ccc3cc(Cl)ccc3c2)CCN1c1ccc([C@H]2CCCN2)c(F)c1,-0.1937660425901413,O=C1[C@@H](NS(=O)(=O)c2ccc3cc(Cl)ccc3c2)CCN1c1ccc([C@H]2CCCN2)c(F)c1
10,42,O=C1[C@@H](NS(=O)(=O)c2ccc3cc(Cl)ccc3c2)CCN1c1ccc([C@H]2CCC(O)=N2)c(F)c1,-0.19706708192825317,O=C1[C@@H](NS(=O)(=O)c2ccc3cc(Cl)ccc3c2)CCN1c1ccc([C@H]2CCC(O)=N2)c(F)c1
10,42,COc1ccc(Sc2c(C)c3c(n2C)NC(=N)NC3N)cc1,-0.21735554933547974,COc1ccc(Sc2c(C)c3c(n2C)NC(=N)NC3N)cc1
12,42,CC(C)[C@H](NS(=O)(=O)c1ccccc1)P(=O)(O)C[C@H](C(=O)O)c1cccc(CN)c1,-0.1542069911956787,CC(C)[C@H](NS(=O)(=O)c1ccccc1)P(=O)(O)C[C@H](C(=O)O)c1cccc(CN)c1
12,42,Cc1cc(S(N)(=O)=O)ccc1NC(=O)COc1ccc(Cl)cc1C(=O)c1cc(Cl)cc(C(F)(F)F)c1,-0.1619858592748642,Cc1cc(S(N)(=O)=O)ccc1NC(=O)COc1ccc(Cl)cc1C(=O)c1cc(Cl)cc(C(F)(F)F)c1
12,42,Cc1cc(S(=O)(=O)N(Cc2ccc(C(F)(F)F)cc2)[C@H](C)C(O)=NO)ccc1F,-0.16527952253818512,Cc1cc(S(=O)(=O)N(Cc2ccc(C(F)(F)F)cc2)[C@H](C)C(O)=NO)ccc1F
12,42,Cc1cc(S(N)(=O)=O)ccc1NC(=O)COc1ccc(Cl)c(C(=O)c2cc(Cl)cc(C#N)c2)c1,-0.18555864691734314,Cc1cc(S(N)(=O)=O)ccc1NC(=O)COc1ccc(Cl)c(C(=O)c2cc(Cl)cc(C#N)c2)c1
13,42,COc1ccc2c(c1)cc(C(O)=NS(=O)(=O)c1ccc(C(C)(C)C)cc1)n2CC(=O)O,-0.1723688691854477,COc1ccc2c(c1)cc(C(O)=NS(=O)(=O)c1ccc(C(C)(C)C)cc1)n2CC(=O)O
13,42,COc1cc(-c2ccc(C3=C4C=c5cc(OC)c(OC)cc5=C4N=N3)cc2OC)ccc1O,-0.1809057891368866,COc1cc(-c2ccc(C3=C4C=c5cc(OC)c(OC)cc5=C4N=N3)cc2OC)ccc1O
4,101,N=C(N)c1ccc([C@H]2[C@H]3C(=O)N(Cc4ccc(F)cc4)[C@H](C(F)F)[C@H]3[C@@H]3C[C@@H](O)CN32)cc1,-0.1795867532491684,N=C(N)c1ccc([C@H]2[C@H]3C(=O)N(Cc4ccc(F)cc4)[C@H](C(F)F)[C@H]3[C@@H]3C[C@@H](O)CN32)cc1
5,101,CN[C@@H]1C[C@H]2O[C@@](C)([C@@H]1OC)n1c3ccccc3c3c4c(c5c6c(n2c5c31)CCCC6)C(=O)N(C1CC1)C4,-0.15515448153018951,CN[C@@H]1C[C@H]2O[C@@](C)([C@@H]1OC)n1c3ccccc3c3c4c(c5c6c(n2c5c31)CCCC6)C(=O)N(C1CC1)C4
5,101,C[C@@H]1CN(CC(=O)N2CC(C)(C)c3ncc(Cc4ccccc4)cc32)[C@@H](CN2C(=O)c3ccccc3C2=O)CN1,-0.17461347579956055,C[C@@H]1CN(CC(=O)N2CC(C)(C)c3ncc(Cc4ccccc4)cc32)[C@@H](CN2C(=O)c3ccccc3C2=O)CN1
5,101,CN[C@@H]1C[C@H]2O[C@@](C)([C@@H]1OC)n1c3ccccc3c3c4c(c5c6c(n2c5c31)CCCC6)C(=O)N(C)C4=O,-0.1936502307653427,CN[C@@H]1C[C@H]2O[C@@](C)([C@@H]1OC)n1c3ccccc3c3c4c(c5c6c(n2c5c31)CCCC6)C(=O)N(C)C4=O
6,101,O=P(O)(O)C(NS(=O)(=O)c1ccc(-c2ccccc2)cc1)P(=O)(O)O,-0.16465067863464355,O=P(O)(O)C(NS(=O)(=O)c1ccc(-c2ccccc2)cc1)P(=O)(O)O
7,101,CN=C(O)[C@H](Cc1ccccc1)N=C(O)[C@H](CC(C)C)[C@H](CSc1cccs1)C(O)=NO,-0.17641492187976837,CN=C(O)[C@H](Cc1ccccc1)N=C(O)[C@H](CC(C)C)[C@H](CSc1cccs1)C(O)=NO
7,101,CN=C(O)[C@@H]1Cc2ccc(NS(O)(O)O)cc2CN1C(=O)OC(C)(C)C,-0.1778002679347992,CN=C(O)[C@@H]1Cc2ccc(NS(O)(O)O)cc2CN1C(=O)OC(C)(C)C
7,101,N=C(N)c1ccc([C@H]2[C@H]3C(=O)N(Cc4ccc(F)cc4)[C@H](C(F)(F)F)[C@H]3[C@@H]3CCCN32)cc1,-0.1841195821762085,N=C(N)c1ccc([C@H]2[C@H]3C(=O)N(Cc4ccc(F)cc4)[C@H](C(F)(F)F)[C@H]3[C@@H]3CCCN32)cc1
7,101,CN=C(O)[C@H](Cc1ccccc1)N=C(O)[C@H](CC(C)C)[C@H](CS)C(O)=NO,-0.18506799638271332,CN=C(O)[C@H](Cc1ccccc1)N=C(O)[C@H](CC(C)C)[C@H](CS)C(O)=NO
7,101,C[C@H](N=C1N=C(O)[C@](C)(C(C)(C)O)S1)c1ccc(F)cc1,-0.2032543569803238,C[C@H](N=C1N=C(O)[C@](C)(C(C)(C)O)S1)c1ccc(F)cc1
13,42,COc1ccc(-c2ccc(S(=O)(=O)N[C@@H](C(O)=NO)C(C)C)cc2)cc1,-0.19516411423683167,COc1ccc(-c2ccc(S(=O)(=O)N[C@@H](C(O)=NO)C(C)C)cc2)cc1
13,42,COc1cc2c(cc1OC)=C1N=NC(c3ccc(-c4ccc(O)c(O)c4)cc3)=C1C=2,-0.19534024596214294,COc1cc2c(cc1OC)=C1N=NC(c3ccc(-c4ccc(O)c(O)c4)cc3)=C1C=2
14,42,NS(=O)(=O)c1ccc(NC(O)=Nc2c(F)c(F)c(F)c(F)c2F)c(C(=O)O)c1,-0.19015131890773773,NS(=O)(=O)c1ccc(NC(O)=Nc2c(F)c(F)c(F)c(F)c2F)c(C(=O)O)c1
14,42,CC(C)[C@H](NS(=O)(=O)c1ccc(-c2ccc(NS(C)(=O)=O)cc2)cc1)C(=O)O,-0.19912202656269073,CC(C)[C@H](NS(=O)(=O)c1ccc(-c2ccc(NS(C)(=O)=O)cc2)cc1)C(=O)O
14,42,CC(C)[C@H](NS(=O)(=O)c1ccc(-c2ccc(NS(C)(=O)=O)cc2)cc1)C(O)=NO,-0.19946002960205078,CC(C)[C@H](NS(=O)(=O)c1ccc(-c2ccc(NS(C)(=O)=O)cc2)cc1)C(O)=NO
17,42,NS(=O)(=O)c1ccc(N=C(O)NS(=O)(=O)c2ccc(F)c(F)c2)c(Cl)c1,-0.19946056604385376,NS(=O)(=O)c1ccc(N=C(O)NS(=O)(=O)c2ccc(F)c(F)c2)c(Cl)c1
17,42,N=c1ccn([C@H]2CC[C@@H](COP(=O)=O)O2)c(O)n1,-0.22013963758945465,N=c1ccn([C@H]2CC[C@@H](COP(=O)=O)O2)c(O)n1
8,101,COc1ccc(S(=O)(=O)N(CC(C)C)C[C@@H](O)[C@H](Cc2ccccc2)N=C(O)c2cccc(O)c2O)cc1,-0.21051284670829773,COc1ccc(S(=O)(=O)N(CC(C)C)C[C@@H](O)[C@H](Cc2ccccc2)N=C(O)c2cccc(O)c2O)cc1
9,101,CC(C)c1c(C(O)=Nc2ccccc2)c(-c2ccccc2)c(-c2ccc(F)cc2)n1CC[C@@H](O)C[C@@H](O)CC(=O)O,-0.12402717024087906,CC(C)c1c(C(O)=Nc2ccccc2)c(-c2ccccc2)c(-c2ccc(F)cc2)n1CC[C@@H](O)C[C@@H](O)CC(=O)O
9,101,COC(O)=Nc1ccc2c(c1)N=C(O)C[C@@H](C)/C=C/C[C@H](N=C(O)c1c(F)cc(C)cc1F)c1nc-2c(Cl)[nH]1,-0.13958501815795898,COC(O)=Nc1ccc2c(c1)N=C(O)C[C@@H](C)/C=C/C[C@H](N=C(O)c1c(F)cc(C)cc1F)c1nc-2c(Cl)[nH]1
9,101,COC(=O)Nc1ccc(-c2ccnc([C@H](Cc3ccccc3)N=C(O)[C@H]3CC[C@H](C(=O)O)CC3)c2)cc1,-0.167464941740036,COC(=O)Nc1ccc(-c2ccnc([C@H](Cc3ccccc3)N=C(O)[C@H]3CC[C@H](C(=O)O)CC3)c2)cc1
9,101,COc1ccc(-c2cccc(S(=O)(=O)N3CCN(c4nccnc4-c4ccc(OC)cc4)CC3)c2)cc1,-0.17109264433383942,COc1ccc(-c2cccc(S(=O)(=O)N3CCN(c4nccnc4-c4ccc(OC)cc4)CC3)c2)cc1
9,101,CC(C)n1c(CC[C@@H](O)C[C@@H](O)CC(=O)O)c(-c2ccc(F)cc2)c(-c2ccccc2)c1C(=O)Nc1ccccc1,-0.19050723314285278,CC(C)n1c(CC[C@@H](O)C[C@@H](O)CC(=O)O)c(-c2ccc(F)cc2)c(-c2ccccc2)c1C(=O)Nc1ccccc1
9,101,COc1cc(-c2cn(C)c(=O)c3cnccc23)cc(OC)c1CN(C)C,-0.21508073806762695,COc1cc(-c2cn(C)c(=O)c3cnccc23)cc(OC)c1CN(C)C
10,101,COc1c(-c2cc3ccc(NS(C)(=O)=O)cc3c(=O)o2)cc(C2C=CC=NC2=O)cc1C(C)(C)C,-0.12863461673259735,COc1c(-c2cc3ccc(NS(C)(=O)=O)cc3c(=O)o2)cc(C2C=CC=NC2=O)cc1C(C)(C)C
10,101,COc1c(-c2cc3ccc(NS(C)(=O)=O)cc3c(=O)o2)cc(C2C=CC=NC2=O)cc1C(C)(C)CO,-0.19121293723583221,COc1c(-c2cc3ccc(NS(C)(=O)=O)cc3c(=O)o2)cc(C2C=CC=NC2=O)cc1C(C)(C)CO
11,101,CS(=O)(=O)N1C[C@H](C(=O)Nc2ccc(Cl)cc2)[C@@H](C(O)=Nc2ccc(-n3ccccc3=O)c(F)c2)C1,-0.1916966587305069,CS(=O)(=O)N1C[C@H](C(=O)Nc2ccc(Cl)cc2)[C@@H](C(O)=Nc2ccc(-n3ccccc3=O)c(F)c2)C1
11,101,Cc1c(O)cccc1C(O)=N[C@@H](Cc1ccccc1)[C@H](O)CN1C[C@@H](C(C)C)Cc2cc(F)ccc2S1(=O)=O,-0.19835513830184937,Cc1c(O)cccc1C(O)=N[C@@H](Cc1ccccc1)[C@H](O)CN1C[C@@H](C(C)C)Cc2cc(F)ccc2S1(=O)=O
12,101,NS(=O)(=O)c1ccc(N=C(O)NS(=O)(=O)c2ccc(F)c(F)c2)c(C(=O)O)c1,-0.1805049628019333,NS(=O)(=O)c1ccc(N=C(O)NS(=O)(=O)c2ccc(F)c(F)c2)c(C(=O)O)c1
12,101,CC(C)[C@H](NS(=O)(=O)c1ccccc1)P(=O)(O)C[C@H](C(=O)O)c1cccc(C(=N)N)c1,-0.18226446211338043,CC(C)[C@H](NS(=O)(=O)c1ccccc1)P(=O)(O)C[C@H](C(=O)O)c1cccc(C(=N)N)c1
12,101,CC(C)[C@H](NS(=O)(=O)c1ccc(-c2ccccc2)cc1)P(=O)(O)C[C@H](C(=O)O)P(=O)(O)O,-0.19524100422859192,CC(C)[C@H](NS(=O)(=O)c1ccc(-c2ccccc2)cc1)P(=O)(O)C[C@H](C(=O)O)P(=O)(O)O
18,42,COC(=O)Nc1ccc(-c2ccnc([C@H](Cc3ccccc3)N=C(O)[C@H]3CC[C@H](CN)CC3)c2)c(C)c1,-0.21155117452144623,COC(=O)Nc1ccc(-c2ccnc([C@H](Cc3ccccc3)N=C(O)[C@H]3CC[C@H](CN)CC3)c2)c(C)c1
18,42,COC(=O)Nc1ccc(-c2ccnc([C@H](Cc3ccccc3)N=C(O)[C@H]3CC[C@H](CN)CC3)c2)c(Cl)c1,-0.21556705236434937,COC(=O)Nc1ccc(-c2ccnc([C@H](Cc3ccccc3)N=C(O)[C@H]3CC[C@H](CN)CC3)c2)c(Cl)c1
19,42,COC1=NCNC(=NCCc2ccc(S(N)(=O)=O)cc2)C1[N+](=O)[O-],-0.18907493352890015,COC1=NCNC(=NCCc2ccc(S(N)(=O)=O)cc2)C1[N+](=O)[O-]
19,42,COC[C@H]1CN[C@H](C)CN1CC(=O)N1CC(C)(C)c2ncc(Cc3ccccc3)cc21,-0.18938477337360382,COC[C@H]1CN[C@H](C)CN1CC(=O)N1CC(C)(C)c2ncc(Cc3ccccc3)cc21
19,42,CN1CCc2nc(C(=O)N3CCN(S(=O)(=O)c4ccc5cc(Cl)ccc5c4)[C@@H](C(=O)O)C3)sc2C1,-0.1899564564228058,CN1CCc2nc(C(=O)N3CCN(S(=O)(=O)c4ccc5cc(Cl)ccc5c4)[C@@H](C(=O)O)C3)sc2C1
19,42,CN(C)C(=O)[C@@H]([C@H]1CC[C@H](c2ccc3ncnn3c2)CC1)[C@H](N)C(=O)N1C=C[C@H](F)C1=O,-0.1968822181224823,CN(C)C(=O)[C@@H]([C@H]1CC[C@H](c2ccc3ncnn3c2)CC1)[C@H](N)C(=O)N1C=C[C@H](F)C1=O
19,42,CN1CCc2nc(C(=O)N3CCN(S(=O)(=O)c4ccc5cc(Cl)ccc5c4)C[C@@H]3C(=O)O)sc2C1,-0.19775503873825073,CN1CCc2nc(C(=O)N3CCN(S(=O)(=O)c4ccc5cc(Cl)ccc5c4)C[C@@H]3C(=O)O)sc2C1
19,42,COC[C@H]1CN[C@H](C)CN1CC(=O)N1CC(C)(C)c2cnc(Cc3ccccc3)cc21,-0.19970643520355225,COC[C@H]1CN[C@H](C)CN1CC(=O)N1CC(C)(C)c2cnc(Cc3ccccc3)cc21
20,42,N=c1nc(O)c2ncn([C@H]3C[C@H](O)[C@@H](COP(=O)(O)OP(=O)(O)[C@H](F)P(=O)(O)O)O3)c2[nH]1,-0.1506742388010025,N=c1nc(O)c2ncn([C@H]3C[C@H](O)[C@@H](COP(=O)(O)OP(=O)(O)[C@H](F)P(=O)(O)O)O3)c2[nH]1
20,42,NS(=O)(=O)c1ccc(N=C(O)NS(=O)(=O)c2ccc(F)cc2)c(O)c1,-0.18535517156124115,NS(=O)(=O)c1ccc(N=C(O)NS(=O)(=O)c2ccc(F)cc2)c(O)c1
20,42,N=c1nc(O)c2ncn([C@H]3C[C@H](O)[C@@H](COP(=O)=O)O3)c2[nH]1,-0.20550736784934998,N=c1nc(O)c2ncn([C@H]3C[C@H](O)[C@@H](COP(=O)=O)O3)c2[nH]1
21,42,C[C@@H]1CN(CC(=O)N2CC(C)(C)c3ncc(Cc4ccc(F)cc4)cc32)[C@@H](C(=O)N2CCOCC2)CN1,-0.19600020349025726,C[C@@H]1CN(CC(=O)N2CC(C)(C)c3ncc(Cc4ccc(F)cc4)cc32)[C@@H](C(=O)N2CCOCC2)CN1
21,42,O=C1[C@@H](NS(=O)(=O)c2ccc3cc(Cl)ccc3c2)CCN1c1ccc2c(c1F)CCN(C1CCOCC1)C2,-0.21811743080615997,O=C1[C@@H](NS(=O)(=O)c2ccc3cc(Cl)ccc3c2)CCN1c1ccc2c(c1F)CCN(C1CCOCC1)C2
13,101,O=C(O)c1ccc(N=C(O)[C@H](CC2CCCC2)n2cnc(C(F)(F)F)c2)nc1,-0.18808458745479584,O=C(O)c1ccc(N=C(O)[C@H](CC2CCCC2)n2cnc(C(F)(F)F)c2)nc1
13,101,CC(C)n1c(CC[C@@H](O)C[C@@H](O)CC(=O)O)c(-c2ccc(F)cc2)c2c3ccccc3n(C)c(=O)c21,-0.19330301880836487,CC(C)n1c(CC[C@@H](O)C[C@@H](O)CC(=O)O)c(-c2ccc(F)cc2)c2c3ccccc3n(C)c(=O)c21
13,101,COc1ccc2c(c1)c(/C=C1\Oc3cc(O)cc(O)c3C1=O)c1n2CCN(C(=O)[C@H](C)O)C1,-0.20084954798221588,COc1ccc2c(c1)c(/C=C1\Oc3cc(O)cc(O)c3C1=O)c1n2CCN(C(=O)[C@H](C)O)C1
15,101,CC(C)n1c(CC[C@@H](O)C[C@@H](O)CC(=O)O)c(-c2ccc(F)cc2)c2c3ccccc3n(-c3ccccc3)c(=O)c21,-0.14213016629219055,CC(C)n1c(CC[C@@H](O)C[C@@H](O)CC(=O)O)c(-c2ccc(F)cc2)c2c3ccccc3n(-c3ccccc3)c(=O)c21
15,101,CC(C)n1c(CC[C@@H](O)C[C@@H](O)CC(=O)O)c(-c2ccc(F)cc2)c(-c2ccc(F)cc2)c1C(=O)Nc1ccccc1,-0.162663996219635,CC(C)n1c(CC[C@@H](O)C[C@@H](O)CC(=O)O)c(-c2ccc(F)cc2)c(-c2ccc(F)cc2)c1C(=O)Nc1ccccc1
15,101,CC[C@@H](C(O)=NCc1ccc(C(=N)N)cc1)N(C)C(=O)[C@@H](Cc1ccccc1)NS(=O)(=O)Cc1ccccc1,-0.1764921098947525,CC[C@@H](C(O)=NCc1ccc(C(=N)N)cc1)N(C)C(=O)[C@@H](Cc1ccccc1)NS(=O)(=O)Cc1ccccc1
16,101,CN[C@@H](C)C(O)=N[C@H](C(=O)N1CC[C@H]2CC[C@H](N=C(O)C(c3ccccc3)c3ccccc3)[C@H]21)C(C)(C)C,-0.15831607580184937,CN[C@@H](C)C(O)=N[C@H](C(=O)N1CC[C@H]2CC[C@H](N=C(O)C(c3ccccc3)c3ccccc3)[C@H]21)C(C)(C)C
16,101,C[C@@H]1CN(CC(=O)N2CC(C)(C)c3ncc(Cc4ccc(F)cc4)cc32)[C@@H](CN2C=CCC2=O)[C@H](O)[C@@H]1O,-0.16984741389751434,C[C@@H]1CN(CC(=O)N2CC(C)(C)c3ncc(Cc4ccc(F)cc4)cc32)[C@@H](CN2C=CCC2=O)[C@H](O)[C@@H]1O
16,101,C[C@H]1[C@H](C)CC[C@]2(C(=O)O)CC[C@]3(C)C(=CC[C@@H]4[C@@]5(C)CC[C@H](O)C(C)(C)[C@@H]5CC[C@]43C)[C@H]12,-0.17305907607078552,C[C@H]1[C@H](C)CC[C@]2(C(=O)O)CC[C@]3(C)C(=CC[C@@H]4[C@@]5(C)CC[C@H](O)C(C)(C)[C@@H]5CC[C@]43C)[C@H]12
16,101,C[C@@H]1CN(CC(=O)N2CC(C)(C)c3ncc(Cc4ccc(F)cc4)cc32)[C@@H](CN2C=CC[C@H]2C(=O)O)CN1,-0.1789570450782776,C[C@@H]1CN(CC(=O)N2CC(C)(C)c3ncc(Cc4ccc(F)cc4)cc32)[C@@H](CN2C=CC[C@H]2C(=O)O)CN1
16,101,C[C@@H]1[C@H]2C3=CC[C@@H]4[C@@]5(C)CC[C@H](O)C(C)(C)[C@@H]5CC[C@@]4(C)[C@]3(C)CC[C@@]2(C(=O)O)CC[C@H]1C(=O)O,-0.18457354605197906,C[C@@H]1[C@H]2C3=CC[C@@H]4[C@@]5(C)CC[C@H](O)C(C)(C)[C@@H]5CC[C@@]4(C)[C@]3(C)CC[C@@]2(C(=O)O)CC[C@H]1C(=O)O
16,101,C[C@@H]1[C@H](O)[C@H](C)CN(CC(=O)N2CC(C)(C)c3ncc(Cc4ccc(F)cc4)cc32)[C@H]1CN1C=CCC1=O,-0.18779176473617554,C[C@@H]1[C@H](O)[C@H](C)CN(CC(=O)N2CC(C)(C)c3ncc(Cc4ccc(F)cc4)cc32)[C@H]1CN1C=CCC1=O
16,101,C[C@@H]1CN(CC(=O)N2CC(C)(C)c3ncc(Cc4ccc(F)cc4)cc32)[C@@H](CN2C=CCC2=O)[C@@H](O)[C@H]1O,-0.18803930282592773,C[C@@H]1CN(CC(=O)N2CC(C)(C)c3ncc(Cc4ccc(F)cc4)cc32)[C@@H](CN2C=CCC2=O)[C@@H](O)[C@H]1O
17,101,CNS(=O)(=O)c1ccc(-c2cccc3ncc(-c4cc(OC)c(OC)c(OC)c4)nc23)cc1,-0.1555473506450653,CNS(=O)(=O)c1ccc(-c2cccc3ncc(-c4cc(OC)c(OC)c(OC)c4)nc23)cc1
22,42,CN=C(O)[C@@H]1Cc2ccc(NS(O)(O)O)cc2CN1C(=O)OCc1ccccc1,-0.19815102219581604,CN=C(O)[C@@H]1Cc2ccc(NS(O)(O)O)cc2CN1C(=O)OCc1ccccc1
23,42,N=c1nc(O)c2ncn([C@H]3C[C@H](O)[C@@H](COP(=O)(O)CP(=O)(O)CP(=O)(O)O)O3)c2[nH]1,-0.16730843484401703,N=c1nc(O)c2ncn([C@H]3C[C@H](O)[C@@H](COP(=O)(O)CP(=O)(O)CP(=O)(O)O)O3)c2[nH]1
23,42,CC(C)[C@H](NS(=O)(=O)c1ccc(-c2ccc(S(N)(=O)=O)cc2)cc1)C(=O)O,-0.1895669400691986,CC(C)[C@H](NS(=O)(=O)c1ccc(-c2ccc(S(N)(=O)=O)cc2)cc1)C(=O)O
23,42,CC(C)[C@H](NS(=O)(=O)c1ccc(-c2ccc(S(N)(=O)=O)cc2)cc1)C(=O)NO,-0.22526712715625763,CC(C)[C@H](NS(=O)(=O)c1ccc(-c2ccc(S(N)(=O)=O)cc2)cc1)C(=O)NO
24,42,COc1ccc(S(=O)(=O)N2CC(C)(C)CN(S(=O)(=O)c3ccc(OC)cc3)C2C(O)=NO)cc1,-0.16328065097332,COc1ccc(S(=O)(=O)N2CC(C)(C)CN(S(=O)(=O)c3ccc(OC)cc3)C2C(O)=NO)cc1
24,42,COC(=O)[C@H](Cc1cccc(C(=N)N)c1)[C@@H](C)NC(=O)c1ccc(-c2ccc(C(=O)O)cc2)cc1,-0.19426129758358002,COC(=O)[C@H](Cc1cccc(C(=N)N)c1)[C@@H](C)NC(=O)c1ccc(-c2ccc(C(=O)O)cc2)cc1
24,42,COc1ccc(S(=O)(=O)N2CCN(C(=O)OCc3ccccc3)C[C@@H]2C(O)=NO)cc1,-0.19549837708473206,COc1ccc(S(=O)(=O)N2CCN(C(=O)OCc3ccccc3)C[C@@H]2C(O)=NO)cc1
25,42,NS(=O)(=O)c1ccc(N=C(O)NS(=O)(=O)c2ccc(F)cc2)c(C(=O)N2CCOCC2)c1,-0.1842925250530243,NS(=O)(=O)c1ccc(N=C(O)NS(=O)(=O)c2ccc(F)cc2)c(C(=O)N2CCOCC2)c1
26,42,COc1ccc(-n2nc(C(=N)O)c3c2C(=O)N(c2ccc(N4CCCCC4=O)cc2)CC3)cc1,-0.1758626103401184,COc1ccc(-n2nc(C(=N)O)c3c2C(=O)N(c2ccc(N4CCCCC4=O)cc2)CC3)cc1
26,42,O=C1[C@@H](NS(=O)(=O)c2ccc3cc(Cl)ccc3c2)CCN1c1ccc2c(c1F)CCN([C@H]1CC[C@H](O)C1)C2,-0.21657757461071014,O=C1[C@@H](NS(=O)(=O)c2ccc3cc(Cl)ccc3c2)CCN1c1ccc2c(c1F)CCN([C@H]1CC[C@H](O)C1)C2
17,101,CNS(=O)(=O)c1ccc(-c2cccc3ncc(-c4cc(OC)c(OC)c(OC)c4)nc23)cc1Cl,-0.22650288045406342,CNS(=O)(=O)c1ccc(-c2cccc3ncc(-c4cc(OC)c(OC)c(OC)c4)nc23)cc1Cl
18,101,COc1ccc(-c2cn(C)c(=O)c3cc(C(=O)N4CCN(S(C)(=O)=O)CC4)sc23)cc1OC,-0.172510027885437,COc1ccc(-c2cn(C)c(=O)c3cc(C(=O)N4CCN(S(C)(=O)=O)CC4)sc23)cc1OC
18,101,COc1ccc(-c2cn(C)c(=O)c3cc(C(=O)NC4CCS(=O)(=O)CC4)sc23)cc1OC1CCCC1,-0.20061202347278595,COc1ccc(-c2cn(C)c(=O)c3cc(C(=O)NC4CCS(=O)(=O)CC4)sc23)cc1OC1CCCC1
18,101,CN(C)C(=O)[C@@H]([C@H]1CC[C@H](c2ccc3ncnn3c2)CC1)[C@H](N)C(=O)N1CCC(c2ccncc2)CC1,-0.20435677468776703,CN(C)C(=O)[C@@H]([C@H]1CC[C@H](c2ccc3ncnn3c2)CC1)[C@H](N)C(=O)N1CCC(c2ccncc2)CC1
18,101,COc1cc(-c2cn(C)c(=O)c3cnccc23)c(OC)c(OC)c1CN(C)C,-0.22492602467536926,COc1cc(-c2cn(C)c(=O)c3cnccc23)c(OC)c(OC)c1CN(C)C
19,101,COc1ccc(S(=O)(=O)N(CC(C)C)C[C@@H](O)[C@H](Cc2ccccc2)N=C(O)O[C@@H]2C[C@@H]3OCO[C@@H]3C2)cc1,-0.1749112457036972,COc1ccc(S(=O)(=O)N(CC(C)C)C[C@@H](O)[C@H](Cc2ccccc2)N=C(O)O[C@@H]2C[C@@H]3OCO[C@@H]3C2)cc1
19,101,COc1ccc(S(=O)(=O)N(CC(O)=NO)C[C@H](O)CO)cc1,-0.210406094789505,COc1ccc(S(=O)(=O)N(CC(O)=NO)C[C@H](O)CO)cc1
19,101,C[C@H](N=C1N=C(O)[C@@](C)(C(F)(F)F)S1)c1ccccc1F,-0.21665982902050018,C[C@H](N=C1N=C(O)[C@@](C)(C(F)(F)F)S1)c1ccccc1F
19,101,C[C@H](N=C1N=C(O)[C@@](C)(C(C)(C)O)S1)c1ccc(F)c(F)c1,-0.23147954046726227,C[C@H](N=C1N=C(O)[C@@](C)(C(C)(C)O)S1)c1ccc(F)c(F)c1
20,101,Cc1ccc(S(=O)(=O)N=C(O)Nc2ccc(S(N)(=O)=O)cc2)cc1,-0.18525736033916473,Cc1ccc(S(=O)(=O)N=C(O)Nc2ccc(S(N)(=O)=O)cc2)cc1
21,101,CN[C@@H]1C[C@H]2O[C@@](C)([C@@H]1OC)n1c3ccccc3c3c4c(c5c6ccccc6n2c5c31)C(O)=NC4=O,-0.1918841153383255,CN[C@@H]1C[C@H]2O[C@@](C)([C@@H]1OC)n1c3ccccc3c3c4c(c5c6ccccc6n2c5c31)C(O)=NC4=O
27,42,CC(C)c1c(S(=O)(=O)N2CCOCC2)c(-c2ccccc2)c(-c2ccccc2)n1CC[C@@H](O)C[C@@H](O)CC(=O)O,-0.1665419042110443,CC(C)c1c(S(=O)(=O)N2CCOCC2)c(-c2ccccc2)c(-c2ccccc2)n1CC[C@@H](O)C[C@@H](O)CC(=O)O
28,42,NS(=O)(=O)c1c(F)c(F)c(S(=O)(=O)CCO)c(N[C@H](c2ccccc2)[C@@H](O)c2ccccc2)c1F,-0.16951581835746765,NS(=O)(=O)c1c(F)c(F)c(S(=O)(=O)CCO)c(N[C@H](c2ccccc2)[C@@H](O)c2ccccc2)c1F
28,42,Cc1cc(S(N)(=O)=O)ccc1NC(=O)COc1ccc(Cl)cc1C(=O)c1c(Cl)ccc(C#N)c1Cl,-0.21068191528320312,Cc1cc(S(N)(=O)=O)ccc1NC(=O)COc1ccc(Cl)cc1C(=O)c1c(Cl)ccc(C#N)c1Cl
29,42,C[C@@H]1C[C@H]2[C@@H]3CCC4=CC(=O)C=C[C@]4(C)[C@@]3(Cl)[C@@H](O)C[C@]2(C)[C@@]1(OC(=O)c1ccco1)C(O)CCl,-0.1720939427614212,C[C@@H]1C[C@H]2[C@@H]3CCC4=CC(=O)C=C[C@]4(C)[C@@]3(Cl)[C@@H](O)C[C@]2(C)[C@@]1(OC(=O)c1ccco1)C(O)CCl
29,42,N=C(O)[C@H](CCC(=O)O)N=C(O)[C@H](CCC(=O)O)N=C(O)CCc1ccc(-c2ccccc2)cc1,-0.19417335093021393,N=C(O)[C@H](CCC(=O)O)N=C(O)[C@H](CCC(=O)O)N=C(O)CCc1ccc(-c2ccccc2)cc1
29,42,C[C@@H]1C[C@H]2[C@@H]3CCC4=CC(=O)C=C[C@]4(C)[C@@]3(F)[C@@H](O)C[C@]2(C)[C@@]1(O)C(=O)CO,-0.19690197706222534,C[C@@H]1C[C@H]2[C@@H]3CCC4=CC(=O)C=C[C@]4(C)[C@@]3(F)[C@@H](O)C[C@]2(C)[C@@]1(O)C(=O)CO
29,42,C[C@@H]1C[C@H]2[C@@H]3CCC4=CC(=O)C=C[C@]4(C)[C@@]3(F)[C@@H](O)C[C@]2(C)[C@@]1(OC(=O)c1cccnc1)C(=O)CO,-0.1992253214120865,C[C@@H]1C[C@H]2[C@@H]3CCC4=CC(=O)C=C[C@]4(C)[C@@]3(F)[C@@H](O)C[C@]2(C)[C@@]1(OC(=O)c1cccnc1)C(=O)CO
29,42,CN=C(O)[C@H](Cc1ccccc1)N=C(O)[C@H](CC(C)C)[C@H](CSc1ccco1)C(O)=NO,-0.2074289470911026,CN=C(O)[C@H](Cc1ccccc1)N=C(O)[C@H](CC(C)C)[C@H](CSc1ccco1)C(O)=NO
30,42,CN(C)[C@H]1CCN(C(=O)[C@H](CNC(=O)c2ccc(Cl)s2)NS(=O)(=O)c2cc(F)c(F)cc2F)C1,-0.17931042611598969,CN(C)[C@H]1CCN(C(=O)[C@H](CNC(=O)c2ccc(Cl)s2)NS(=O)(=O)c2cc(F)c(F)cc2F)C1
32,42,NS(=O)(=O)c1ccc(N=C(O)CSC(=O)N2CCCc3cc(Cl)cc(Cl)c32)c(Cl)c1,-0.16987930238246918,NS(=O)(=O)c1ccc(N=C(O)CSC(=O)N2CCCc3cc(Cl)cc(Cl)c32)c(Cl)c1
33,42,N=c1nc(O)c2ncn([C@H]3CC[C@@H](COP(=O)=O)O3)c2[nH]1,-0.21615958213806152,N=c1nc(O)c2ncn([C@H]3CC[C@@H](COP(=O)=O)O3)c2[nH]1
22,101,N=C(O)Nc1sc(-c2ccc(Cl)c(Cl)c2)cc1C(O)=N[C@H]1CCCNC1,-0.20066069066524506,N=C(O)Nc1sc(-c2ccc(Cl)c(Cl)c2)cc1C(O)=N[C@H]1CCCNC1
22,101,N=C(O)Nc1sc(-c2ccc(Cl)cc2)cc1C(O)=N[C@H]1CCCNC1,-0.20734813809394836,N=C(O)Nc1sc(-c2ccc(Cl)cc2)cc1C(O)=N[C@H]1CCCNC1
23,101,N=c1nc(O)c2ncn([C@H]3C[C@H](O)[C@@H](COP(=O)(O)OP(=O)(O)C(Cl)(Cl)P(=O)(O)O)O3)c2[nH]1,-0.15820129215717316,N=c1nc(O)c2ncn([C@H]3C[C@H](O)[C@@H](COP(=O)(O)OP(=O)(O)C(Cl)(Cl)P(=O)(O)O)O3)c2[nH]1
24,101,COC(=O)[C@H](Cc1cccc(C(=N)N)c1)[C@@H](C)NC(=O)c1ccc(-c2cccc(C(=O)O)c2)cc1,-0.20056043565273285,COC(=O)[C@H](Cc1cccc(C(=N)N)c1)[C@@H](C)NC(=O)c1ccc(-c2cccc(C(=O)O)c2)cc1
25,101,N=C(N)NCCN(CC[C@H](N)C(=O)O)C[C@H]1O[C@@H](n2cnc3c(N)ncnc32)[C@H](O)[C@@H]1O,-0.15103350579738617,N=C(N)NCCN(CC[C@H](N)C(=O)O)C[C@H]1O[C@@H](n2cnc3c(N)ncnc32)[C@H](O)[C@@H]1O
25,101,N=C(N)NCCCN(CC[C@H](N)C(=O)O)C[C@H]1O[C@@H](n2cnc3c(N)ncnc32)[C@H](O)[C@@H]1OP(=O)(O)O,-0.1890854388475418,N=C(N)NCCCN(CC[C@H](N)C(=O)O)C[C@H]1O[C@@H](n2cnc3c(N)ncnc32)[C@H](O)[C@@H]1OP(=O)(O)O
25,101,CC[C@H](N)C(O)=N[C@@H]1C(=O)N2[C@@H](CC[C@@H]1CO)CC[C@H]2C(O)=NC(c1ccc(Cl)cc1)c1ccc(Cl)cc1,-0.19380983710289001,CC[C@H](N)C(O)=N[C@@H]1C(=O)N2[C@@H](CC[C@@H]1CO)CC[C@H]2C(O)=NC(c1ccc(Cl)cc1)c1ccc(Cl)cc1
36,42,C[C@@H]1CN(CC(=O)N2CC(C)(C)c3ncc(Cc4ccc(F)cc4)cc32)[C@@H](CN2C=CC[C@H]2CO)CN1,-0.18788102269172668,C[C@@H]1CN(CC(=O)N2CC(C)(C)c3ncc(Cc4ccc(F)cc4)cc32)[C@@H](CN2C=CC[C@H]2CO)CN1
37,42,CC(C)c1c(S(=O)(=O)N2CCOCC2)c(-c2ccccc2)c(-c2ccc(F)cc2)n1CC[C@@H](O)C[C@@H](O)CC(=O)O,-0.12104151397943497,CC(C)c1c(S(=O)(=O)N2CCOCC2)c(-c2ccccc2)c(-c2ccc(F)cc2)n1CC[C@@H](O)C[C@@H](O)CC(=O)O
37,42,COc1ccc(-c2cn(C)c(=O)c3c2S[C@H](C(=O)N2CCN(S(C)(=O)=O)CC2)C3)c(OC)c1,-0.19758427143096924,COc1ccc(-c2cn(C)c(=O)c3c2S[C@H](C(=O)N2CCN(S(C)(=O)=O)CC2)C3)c(OC)c1
39,42,CC(C)[C@H]1Cc2cc(F)ccc2S(=O)(=O)N(C[C@@H](O)[C@H](Cc2ccccc2)N=C(O)NCc2ccccc2)C1,-0.2023836076259613,CC(C)[C@H]1Cc2cc(F)ccc2S(=O)(=O)N(C[C@@H](O)[C@H](Cc2ccccc2)N=C(O)NCc2ccccc2)C1
40,42,NS(=O)(=O)c1c(F)c(F)c(S(=O)(=O)CCO)c(N[C@H]2CCCc3ccccc32)c1F,-0.18475863337516785,NS(=O)(=O)c1c(F)c(F)c(S(=O)(=O)CCO)c(N[C@H]2CCCc3ccccc32)c1F
40,42,COc1ccc(S(=O)(=O)N(Cc2cccnc2)[C@@H](C(O)=NO)C(C)(C)C)cc1,-0.20406721532344818,COc1ccc(S(=O)(=O)N(Cc2cccnc2)[C@@H](C(O)=NO)C(C)(C)C)cc1
40,42,NS(=O)(=O)c1c(F)c(F)c(S(=O)(=O)CCO)c(N[C@H]2CCOC2)c1F,-0.20975545048713684,NS(=O)(=O)c1c(F)c(F)c(S(=O)(=O)CCO)c(N[C@H]2CCOC2)c1F
40,42,CC(C)[C@H](NS(=O)(=O)c1ccc(-c2ccccc2)cc1)C(=O)O,-0.23288826644420624,CC(C)[C@H](NS(=O)(=O)c1ccc(-c2ccccc2)cc1)C(=O)O
41,42,COc1ccc(-c2cc(C(F)(F)F)nn2-c2ccc(S(N)(=O)=O)cc2)cc1,-0.20616655051708221,COc1ccc(-c2cc(C(F)(F)F)nn2-c2ccc(S(N)(=O)=O)cc2)cc1
42,42,Cc1cc(S(N)(=O)=O)ccc1NC(=O)COc1ccc(Cl)cc1C(=O)c1cc(Cl)cc(C(N)=O)c1,-0.18713699281215668,Cc1cc(S(N)(=O)=O)ccc1NC(=O)COc1ccc(Cl)cc1C(=O)c1cc(Cl)cc(C(N)=O)c1
42,42,NS(=O)(=O)c1ccc(N=C(O)NS(=O)(=O)c2ccc(F)cc2)c(OC(F)(F)F)c1,-0.19556160271167755,NS(=O)(=O)c1ccc(N=C(O)NS(=O)(=O)c2ccc(F)cc2)c(OC(F)(F)F)c1
43,42,C[C@@H]1CN(CC(=O)N2CC(C)(C)c3ncc(Cc4ccc(F)cc4)cc32)[C@@H](CN2C=CCC2=O)[C@@H]1O,-0.196478009223938,C[C@@H]1CN(CC(=O)N2CC(C)(C)c3ncc(Cc4ccc(F)cc4)cc32)[C@@H](CN2C=CCC2=O)[C@@H]1O
44,42,CC(C)[C@H]1Cc2cc(F)ccc2S(=O)(=O)N(C[C@@H](O)[C@H](Cc2ccccc2)N=C(O)O[C@H]2CCO[C@H]3OC[C@H](O)[C@H]32)C1,-0.18427854776382446,CC(C)[C@H]1Cc2cc(F)ccc2S(=O)(=O)N(C[C@@H](O)[C@H](Cc2ccccc2)N=C(O)O[C@H]2CCO[C@H]3OC[C@H](O)[C@H]32)C1
44,42,COc1cc2c(cc1OS(N)(O)O)CC[C@@H]1[C@@H]2CC[C@]2(C)[C@@H](OS(=O)(=O)O)CC[C@@H]12,-0.21365472674369812,COc1cc2c(cc1OS(N)(O)O)CC[C@@H]1[C@@H]2CC[C@]2(C)[C@@H](OS(=O)(=O)O)CC[C@@H]12
27,101,CC(C)[C@H](C(=O)O)N(CCN=C(O)c1ccccc1)S(=O)(=O)c1ccc(-c2ccccc2)cc1,-0.14708475768566132,CC(C)[C@H](C(=O)O)N(CCN=C(O)c1ccccc1)S(=O)(=O)c1ccc(-c2ccccc2)cc1
29,101,CC[C@H](N)C(O)=N[C@@H]1C(=O)N2[C@@H](CC[C@@H]1CCN)CC[C@H]2C(O)=NC(c1ccccc1)c1ccccc1,-0.14292012155056,CC[C@H](N)C(O)=N[C@@H]1C(=O)N2[C@@H](CC[C@@H]1CCN)CC[C@H]2C(O)=NC(c1ccccc1)c1ccccc1
45,42,C[C@@H]1CN(CC(=O)N2CC(C)(C)c3ncc(Cc4ccc(F)cc4)cc32)[C@@H](CN2C=CCC2=O)CO1,-0.1939620077610016,C[C@@H]1CN(CC(=O)N2CC(C)(C)c3ncc(Cc4ccc(F)cc4)cc32)[C@@H](CN2C=CCC2=O)CO1
45,42,O=C1[C@@H](NS(=O)(=O)c2ccc3cc(Cl)ccc3c2)CCN1c1ccc2c(c1F)CCN(C1CC1)C2,-0.20537547767162323,O=C1[C@@H](NS(=O)(=O)c2ccc3cc(Cl)ccc3c2)CCN1c1ccc2c(c1F)CCN(C1CC1)C2
45,42,O=C1[C@@H](NS(=O)(=O)c2ccc3cc(Cl)ccc3c2)CCN1c1ccc2c(c1F)CCN(C1CC1)C2=O,-0.20616629719734192,O=C1[C@@H](NS(=O)(=O)c2ccc3cc(Cl)ccc3c2)CCN1c1ccc2c(c1F)CCN(C1CC1)C2=O
46,42,NS(=O)(=O)c1ccc(N=C(O)NS(=O)(=O)c2ccc(F)c(F)c2)c(O)c1,-0.2005104273557663,NS(=O)(=O)c1ccc(N=C(O)NS(=O)(=O)c2ccc(F)c(F)c2)c(O)c1
47,42,NS(=O)(=O)c1ccc(N=C(O)NS(=O)(=O)c2ccc(F)cc2)c(-c2ccc(F)cc2)c1,-0.19753006100654602,NS(=O)(=O)c1ccc(N=C(O)NS(=O)(=O)c2ccc(F)cc2)c(-c2ccc(F)cc2)c1
48,42,O=C1[C@@H](NS(=O)(=O)c2ccc3cc(Cl)ccc3c2)CCN1c1ccc([C@H]2CCCN2)c(F)c1F,-0.21315623819828033,O=C1[C@@H](NS(=O)(=O)c2ccc3cc(Cl)ccc3c2)CCN1c1ccc([C@H]2CCCN2)c(F)c1F
49,42,Cc1cn([C@H]2C[C@H](O)[C@@H](COP(=O)(O)NP(=O)(O)CP(=O)(O)O)O2)c(=O)nc1O,-0.16080336272716522,Cc1cn([C@H]2C[C@H](O)[C@@H](COP(=O)(O)NP(=O)(O)CP(=O)(O)O)O2)c(=O)nc1O
49,42,N=c1nc(O)c2ncn([C@H]3C[C@H](O)[C@@H](COP(=O)(O)OP(=O)(O)CP(=O)(O)O)O3)c2[nH]1,-0.16092617809772491,N=c1nc(O)c2ncn([C@H]3C[C@H](O)[C@@H](COP(=O)(O)OP(=O)(O)CP(=O)(O)O)O3)c2[nH]1
32,101,N=C(N)c1ccc([C@H]2[C@H]3C(=O)N(Cc4ccc(F)cc4)[C@H](C(F)F)[C@H]3[C@@H]3CCCN32)c(Cl)c1,-0.2025119662284851,N=C(N)c1ccc([C@H]2[C@H]3C(=O)N(Cc4ccc(F)cc4)[C@H](C(F)F)[C@H]3[C@@H]3CCCN32)c(Cl)c1
34,101,COc1ccc(-c2c(-c3cc(C(C)C)c(O)cc3O)noc2N=C(O)C2CC2)cc1,-0.19159650802612305,COc1ccc(-c2c(-c3cc(C(C)C)c(O)cc3O)noc2N=C(O)C2CC2)cc1
34,101,COc1ccc(S(=O)(=O)N2CCN(C(=O)[C@@H]3Cc4c(c(-c5ccc(OC)c(OC)c5)cn(C)c4=O)S3)CC2)cc1,-0.20257951319217682,COc1ccc(S(=O)(=O)N2CCN(C(=O)[C@@H]3Cc4c(c(-c5ccc(OC)c(OC)c5)cn(C)c4=O)S3)CC2)cc1
34,101,COc1ccc(-c2cn(C)c(=O)c3c2S[C@H](C(=O)N2CCN(S(=O)(=O)c4ccc(OC)cc4)CC2)C3)cc1,-0.20979389548301697,COc1ccc(-c2cn(C)c(=O)c3c2S[C@H](C(=O)N2CCN(S(=O)(=O)c4ccc(OC)cc4)CC2)C3)cc1
50,42,C[C@H](N=C1N=C(O)[C@@](C)(C(C)(C)O)S1)c1ccc(-c2cccc(F)c2)cc1,-0.19979658722877502,C[C@H](N=C1N=C(O)[C@@](C)(C(C)(C)O)S1)c1ccc(-c2cccc(F)c2)cc1
51,42,CN(C)C(=O)[C@@H]([C@H]1CC[C@H](c2cccc3ncnn32)CC1)[C@H](N)C(=O)N1C=C[C@H](F)C1,-0.18560552597045898,CN(C)C(=O)[C@@H]([C@H]1CC[C@H](c2cccc3ncnn32)CC1)[C@H](N)C(=O)N1C=C[C@H](F)C1
53,42,CC(C)[C@H]1Cc2cc(F)ccc2S(=O)(=O)N(C[C@@H](O)[C@H](Cc2ccccc2)N=C(O)NCc2ccc(Cl)cc2)C1,-0.19584903120994568,CC(C)[C@H]1Cc2cc(F)ccc2S(=O)(=O)N(C[C@@H](O)[C@H](Cc2ccccc2)N=C(O)NCc2ccc(Cl)cc2)C1
53,42,CC(C)[C@H]1Cc2cc(F)ccc2S(=O)(=O)N(C[C@@H](O)[C@H](Cc2ccccc2)N=C(O)NCc2cccc(Cl)c2)C1,-0.20390699803829193,CC(C)[C@H]1Cc2cc(F)ccc2S(=O)(=O)N(C[C@@H](O)[C@H](Cc2ccccc2)N=C(O)NCc2cccc(Cl)c2)C1
35,101,COC(=O)Nc1ccc(-c2ccnc([C@H](Cc3ccccc3)N=C(O)[C@H]3CC[C@H](CN)CC3)c2)c(F)c1,-0.2058861255645752,COC(=O)Nc1ccc(-c2ccnc([C@H](Cc3ccccc3)N=C(O)[C@H]3CC[C@H](CN)CC3)c2)c(F)c1
36,101,COc1ccc(S(=O)(=O)N(CC(C)C)C[C@@H](O)[C@H](Cc2ccccc2)N=C(O)O[C@@H]2C[C@@H]3OCCO[C@@H]3C2)cc1,-0.1465141773223877,COc1ccc(S(=O)(=O)N(CC(C)C)C[C@@H](O)[C@H](Cc2ccccc2)N=C(O)O[C@@H]2C[C@@H]3OCCO[C@@H]3C2)cc1
36,101,CO[C@H]1C[C@H](C)Cc2cc(O)cc(c2)N=C(O)/C(C)=C/CC[C@H](C)[C@@H](OC(=N)O)/C(C)=C/[C@H](C)[C@H]1O,-0.15017926692962646,CO[C@H]1C[C@H](C)Cc2cc(O)cc(c2)N=C(O)/C(C)=C/CC[C@H](C)[C@@H](OC(=N)O)/C(C)=C/[C@H](C)[C@H]1O
36,101,C[C@@H]1CN(CC(=O)N2CC(C)(C)c3ncc(Cc4ccc(F)cc4)cc32)[C@@H](CN2C=CCC2=O)[C@@H](O)[C@@H]1O,-0.19260917603969574,C[C@@H]1CN(CC(=O)N2CC(C)(C)c3ncc(Cc4ccc(F)cc4)cc32)[C@@H](CN2C=CCC2=O)[C@@H](O)[C@@H]1O
37,101,CC(C)[C@H]1Cc2cc(F)ccc2S(=O)(=O)N(C[C@@H](O)[C@H](Cc2ccccc2)N=C(O)O[C@H]2CCOc3ccccc32)C1,-0.18542927503585815,CC(C)[C@H]1Cc2cc(F)ccc2S(=O)(=O)N(C[C@@H](O)[C@H](Cc2ccccc2)N=C(O)O[C@H]2CCOc3ccccc32)C1
38,101,Cc1cc(S(N)(=O)=O)ccc1NC(=O)COc1ccc(Cl)cc1C(=O)c1cc(Cl)cc(C#N)c1C,-0.21475699543952942,Cc1cc(S(N)(=O)=O)ccc1NC(=O)COc1ccc(Cl)cc1C(=O)c1cc(Cl)cc(C#N)c1C
54,42,CC(C)n1cc(-c2cc(-c3ccc(CN4CCOCC4)cc3)cnc2N)nn1,-0.2190805971622467,CC(C)n1cc(-c2cc(-c3ccc(CN4CCOCC4)cc3)cnc2N)nn1
55,42,CS(=O)(=O)N1CCN(Cc2cc3nc(-c4ccc(=N)[nH]c4)nc(N4CCOCC4)c3s2)CC1,-0.1803189516067505,CS(=O)(=O)N1CCN(Cc2cc3nc(-c4ccc(=N)[nH]c4)nc(N4CCOCC4)c3s2)CC1
56,42,NS(=O)(=O)c1ccc(N=C(O)NS(=O)(=O)c2ccc(F)cc2)c(OCC(F)(F)F)c1,-0.20258241891860962,NS(=O)(=O)c1ccc(N=C(O)NS(=O)(=O)c2ccc(F)cc2)c(OCC(F)(F)F)c1
39,101,COc1c(-c2cc3ccc(NS(C)(=O)=O)cc3c(=O)o2)cc(C2C=CC=NC2=O)cc1C(C)(C)O,-0.212455615401268,COc1c(-c2cc3ccc(NS(C)(=O)=O)cc3c(=O)o2)cc(C2C=CC=NC2=O)cc1C(C)(C)O
40,101,N=c1nc(O)c2ncn([C@H]3C[C@H](O)[C@@H](COP(=O)(O)NP(=O)(O)OP(=O)(O)O)O3)c2[nH]1,-0.1571912318468094,N=c1nc(O)c2ncn([C@H]3C[C@H](O)[C@@H](COP(=O)(O)NP(=O)(O)OP(=O)(O)O)O3)c2[nH]1
40,101,CC(C)[C@H](NS(=O)(=O)c1ccc(-c2ccc(CSc3nc(O)c4c(n3)CCC4)cc2)cc1)C(=O)O,-0.19784455001354218,CC(C)[C@H](NS(=O)(=O)c1ccc(-c2ccc(CSc3nc(O)c4c(n3)CCC4)cc2)cc1)C(=O)O
40,101,NS(=O)(=O)c1c(F)c(F)c(S(=O)(=O)CCO)c(N[C@H]2CCc3ccccc3[C@H]2O)c1F,-0.20520716905593872,NS(=O)(=O)c1c(F)c(F)c(S(=O)(=O)CCO)c(N[C@H]2CCc3ccccc3[C@H]2O)c1F
41,101,COC1=NC(=O)C(c2cc(C(C)(C)C)c(OC)c3cc(-c4ccc(NS(C)(=O)=O)cc4)cnc23)=CC1,-0.1185385063290596,COC1=NC(=O)C(c2cc(C(C)(C)C)c(OC)c3cc(-c4ccc(NS(C)(=O)=O)cc4)cnc23)=CC1
41,101,Cn1cc(-c2cccc(C(F)(F)F)c2)c2sc(C(N)=NC3CCS(=O)(=O)CC3)cc2c1=O,-0.13972124457359314,Cn1cc(-c2cccc(C(F)(F)F)c2)c2sc(C(N)=NC3CCS(=O)(=O)CC3)cc2c1=O
41,101,COc1c(-c2nc3cc(NS(C)(=O)=O)ccc3o2)cc(C2C=CC=NC2=O)cc1C(C)(C)C,-0.1534299999475479,COc1c(-c2nc3cc(NS(C)(=O)=O)ccc3o2)cc(C2C=CC=NC2=O)cc1C(C)(C)C
41,101,COC1=NC(=O)C(c2cc(C(C)(C)C)c(OC)c3cc(-c4ccc(NS(C)(=O)=O)cc4)ccc23)=CC1,-0.17684900760650635,COC1=NC(=O)C(c2cc(C(C)(C)C)c(OC)c3cc(-c4ccc(NS(C)(=O)=O)cc4)ccc23)=CC1
43,101,C[C@@H]1CN(CC(=O)N2CC(C)(C)c3ncc(Cc4ccccc4)cc32)[C@@H](CN2CCOC[C@H]2C)CN1,-0.1852252036333084,C[C@@H]1CN(CC(=O)N2CC(C)(C)c3ncc(Cc4ccccc4)cc32)[C@@H](CN2CCOC[C@H]2C)CN1
43,101,CN1CCN(c2ccc(C3C=NC4=Nc5cnc(C(=O)O)cc5C4=C3)cc2)C(=O)C1,-0.20046761631965637,CN1CCN(c2ccc(C3C=NC4=Nc5cnc(C(=O)O)cc5C4=C3)cc2)C(=O)C1
59,42,N=c1nc(O)c2ncn([C@H]3CC[C@@H](COP(=O)(O)OP(=O)(O)OP(=O)(O)O)O3)c2[nH]1,-0.16315463185310364,N=c1nc(O)c2ncn([C@H]3CC[C@@H](COP(=O)(O)OP(=O)(O)OP(=O)(O)O)O3)c2[nH]1
47,101,N=C(N)c1ccc([C@H]2[C@H]3C(=O)N(Cc4ccc(F)c(F)c4)[C@H](C(F)F)[C@H]3[C@@H]3CCCN32)cc1,-0.15646179020404816,N=C(N)c1ccc([C@H]2[C@H]3C(=O)N(Cc4ccc(F)c(F)c4)[C@H](C(F)F)[C@H]3[C@@H]3CCCN32)cc1
48,101,C[C@@H]1CN(CC(=O)N2CC(C)(C)c3ncc(Cc4ccc(F)cc4)cc32)[C@@H](C(=O)O)CN1,-0.18400472402572632,C[C@@H]1CN(CC(=O)N2CC(C)(C)c3ncc(Cc4ccc(F)cc4)cc32)[C@@H](C(=O)O)CN1
49,101,NS(=O)(=O)c1ccc(C(=O)NCC(F)(F)C(F)(F)C(F)(F)C(F)F)cc1,-0.22681130468845367,NS(=O)(=O)c1ccc(C(=O)NCC(F)(F)C(F)(F)C(F)(F)C(F)F)cc1
52,101,Cc1cc(S(N)(=O)=O)ccc1NC(=O)COc1ccc(Cl)cc1C(=O)c1cc(Cl)cc(C(C)(C)C)c1,-0.19022108614444733,Cc1cc(S(N)(=O)=O)ccc1NC(=O)COc1ccc(Cl)cc1C(=O)c1cc(Cl)cc(C(C)(C)C)c1
1,1,C[C@H](N)C(O)=NS(O)(O)OC[C@H]1O[C@@H](n2cnc3c(N)ncnc32)[C@H](O)[C@@H]1O,-0.15580643713474274,C[C@H](N)C(O)=NS(O)(O)OC[C@H]1O[C@@H](n2cnc3c(N)ncnc32)[C@H](O)[C@@H]1O
2,1,NS(=O)(=O)c1ccc(N=C(O)NS(=O)(=O)c2ccc(F)c(F)c2)c(C(F)(F)F)c1,-0.18464241921901703,NS(=O)(=O)c1ccc(N=C(O)NS(=O)(=O)c2ccc(F)c(F)c2)c(C(F)(F)F)c1
3,1,NS(=O)(=O)c1ccc(N=C(O)C[C@]23C[C@H]4C[C@H](C[C@H](C4)C2)C3)cc1,-0.20121631026268005,NS(=O)(=O)c1ccc(N=C(O)C[C@]23C[C@H]4C[C@H](C[C@H](C4)C2)C3)cc1
55,101,N=C(N)c1ccc([C@H]2[C@H]3C(=O)N(Cc4ccc5c(c4)OCO5)[C@H](C(F)F)[C@H]3[C@@H]3C[C@@H](O)CN32)cc1,-0.16866303980350494,N=C(N)c1ccc([C@H]2[C@H]3C(=O)N(Cc4ccc5c(c4)OCO5)[C@H](C(F)F)[C@H]3[C@@H]3C[C@@H](O)CN32)cc1
56,101,CC(C)[C@H](NS(=O)(=O)c1ccc(-c2ccccc2)cc1)P(=O)(O)C[C@H](N)C(=O)O,-0.19527512788772583,CC(C)[C@H](NS(=O)(=O)c1ccc(-c2ccccc2)cc1)P(=O)(O)C[C@H](N)C(=O)O
57,101,CC(C)[C@H]1Cc2cc(F)ccc2S(=O)(=O)N(C[C@@H](O)[C@H](Cc2ccccc2)N=C(O)O[C@H]2CCOC2)C1c1ccc(N=C(O)NS(=O)(=O)c2ccc(F)c(C(F)(F)F)c2)cn1,-0.17414429783821106,CC(C)[C@H]1Cc2cc(F)ccc2S(=O)(=O)N(C[C@@H](O)[C@H](Cc2ccccc2)N=C(O)O[C@H]2CCOC2)C1c1ccc(N=C(O)NS(=O)(=O)c2ccc(F)c(C(F)(F)F)c2)cn1
4,1,NS(=O)(=O)c1ccc(N=C(O)NS(=O)(=O)c2ccc(C(F)(F)F)cc2)c(C(=O)O)c1,-0.18265393376350403,NS(=O)(=O)c1ccc(N=C(O)NS(=O)(=O)c2ccc(C(F)(F)F)cc2)c(C(=O)O)c1
4,1,CN(C)C(=O)[C@@H]([C@H]1CC[C@H](c2cccc3ncnn32)CC1)[C@H](N)C(=O)N1CC[C@H](F)C1,-0.1869121640920639,CN(C)C(=O)[C@@H]([C@H]1CC[C@H](c2cccc3ncnn32)CC1)[C@H](N)C(=O)N1CC[C@H](F)C1
5,1,CN[C@@H](C)C(O)=N[C@H](C(=O)N1CC[C@H]2CC[C@H](N=C(O)c3cccc4ccccc34)[C@H]21)C(C)(C)C,-0.17268627882003784,CN[C@@H](C)C(O)=N[C@H](C(=O)N1CC[C@H]2CC[C@H](N=C(O)c3cccc4ccccc34)[C@H]21)C(C)(C)C
5,1,CN=C(O)[C@@H]1Cc2ccc(NS(O)(O)O)cc2CN1C(=O)C[C@H](N)Cc1cc(F)c(F)cc1F,-0.18262062966823578,CN=C(O)[C@@H]1Cc2ccc(NS(O)(O)O)cc2CN1C(=O)C[C@H](N)Cc1cc(F)c(F)cc1F
6,1,NS(=O)(=O)c1ccc(C(=O)N2CCc3cc(O)c(O)cc3[C@H]2c2ccc(O)cc2)cc1,-0.22561390697956085,NS(=O)(=O)c1ccc(C(=O)N2CCc3cc(O)c(O)cc3[C@H]2c2ccc(O)cc2)cc1
6,1,Cc1cc(S(=O)(=O)N(Cc2ccc(CN)cc2)[C@H](C)C(O)=NO)ccc1Cl,-0.25370991230010986,Cc1cc(S(=O)(=O)N(Cc2ccc(CN)cc2)[C@H](C)C(O)=NO)ccc1Cl
8,1,N=c1ccn([C@H]2C[C@H](O)[C@@H](COP(=O)(O)NP(=O)(O)OP(=O)(O)O)O2)c(O)n1,-0.16926884651184082,N=c1ccn([C@H]2C[C@H](O)[C@@H](COP(=O)(O)NP(=O)(O)OP(=O)(O)O)O2)c(O)n1
57,101,O=C1[C@@H](NS(=O)(=O)c2ccc3cc(Cl)ccc3c2)CCN1c1ccc2c(c1F)CCN([C@H]1CC[C@H](O)CC1)C2,-0.20785076916217804,O=C1[C@@H](NS(=O)(=O)c2ccc3cc(Cl)ccc3c2)CCN1c1ccc2c(c1F)CCN([C@H]1CC[C@H](O)CC1)C2
58,101,CN1CCc2nc(C(=O)N3CCN(S(=O)(=O)c4ccc5cc(Cl)ccc5c4)C[C@@H]3C(=O)N3CCOCC3)sc2C1,-0.16890858113765717,CN1CCc2nc(C(=O)N3CCN(S(=O)(=O)c4ccc5cc(Cl)ccc5c4)C[C@@H]3C(=O)N3CCOCC3)sc2C1
10,1,COc1cc2c(cc1OC)[C@@H]1C[C@H](N)[C@@H](c3cccc(CF)c3)CN1CC2,-0.20893888175487518,COc1cc2c(cc1OC)[C@@H]1C[C@H](N)[C@@H](c3cccc(CF)c3)CN1CC2
14,1,NS(=O)(=O)c1ccc(C(=O)NCc2c(F)c(F)c(F)c(F)c2F)cc1,-0.17019681632518768,NS(=O)(=O)c1ccc(C(=O)NCc2c(F)c(F)c(F)c(F)c2F)cc1
15,1,C[C@@H](C(=O)N1CCC(=O)N(C)CC1)N1CC[C@H](NS(=O)(=O)c2ccc3cc(Cl)ccc3c2)C1=O,-0.1828404664993286,C[C@@H](C(=O)N1CCC(=O)N(C)CC1)N1CC[C@H](NS(=O)(=O)c2ccc3cc(Cl)ccc3c2)C1=O
15,1,Cc1ccc(-c2c(CN)c(CC(C)C)nc(C)c2C(=O)O)cc1,-0.19134637713432312,Cc1ccc(-c2c(CN)c(CC(C)C)nc(C)c2C(=O)O)cc1
16,1,N=C(N)c1ccc([C@H]2[C@H]3C(=O)N(Cc4ccc(F)cc4)[C@H](C(F)F)[C@H]3[C@@H]3CCCN32)c(F)c1,-0.19001755118370056,N=C(N)c1ccc([C@H]2[C@H]3C(=O)N(Cc4ccc(F)cc4)[C@H](C(F)F)[C@H]3[C@@H]3CCCN32)c(F)c1
16,1,N=C(N)c1ccc([C@H]2[C@H]3C(=O)N(Cc4ccc5c(c4)OCO5)C(=O)[C@H]3[C@@H]3C[C@@H](O)CN32)c(F)c1,-0.19851580262184143,N=C(N)c1ccc([C@H]2[C@H]3C(=O)N(Cc4ccc5c(c4)OCO5)C(=O)[C@H]3[C@@H]3C[C@@H](O)CN32)c(F)c1
18,1,C[C@@H](C(=O)N1CCOCC1)N1CC[C@H](NS(=O)(=O)c2cc3cc(Cl)ccc3n2CC(=O)N2CCOCC2)C1=O,-0.1889127641916275,C[C@@H](C(=O)N1CCOCC1)N1CC[C@H](NS(=O)(=O)c2cc3cc(Cl)ccc3n2CC(=O)N2CCOCC2)C1=O
19,1,CN(C)C(=O)[C@@H]([C@H]1CC[C@H](c2cccc3ncnn32)CC1)[C@H](N)C(=O)N1CCC(F)(F)C1,-0.1761108934879303,CN(C)C(=O)[C@@H]([C@H]1CC[C@H](c2cccc3ncnn32)CC1)[C@H](N)C(=O)N1CCC(F)(F)C1
19,1,CN(C)C(=O)[C@@H]([C@H]1CC[C@H](c2cccc3ncnn32)CC1)[C@H](N)C(=O)N1C=C[C@H](F)C1=O,-0.19668728113174438,CN(C)C(=O)[C@@H]([C@H]1CC[C@H](c2cccc3ncnn32)CC1)[C@H](N)C(=O)N1C=C[C@H](F)C1=O
19,1,Cc1cc(S(=O)(=O)N2CCC[C@H]2C(=O)O)c(N)cc1Cl,-0.22597579658031464,Cc1cc(S(=O)(=O)N2CCC[C@H]2C(=O)O)c(N)cc1Cl
19,1,COc1ccc(S(=O)(=O)N(CC(C)C)C[C@@H](O)NO)cc1,-0.2349768728017807,COc1ccc(S(=O)(=O)N(CC(C)C)C[C@@H](O)NO)cc1
22,1,C[C@@H]1CN(CC(=O)N2CC(C)(C)c3ncc(Cc4ccccc4)cc32)[C@@H](C(=O)O)CN1,-0.19493161141872406,C[C@@H]1CN(CC(=O)N2CC(C)(C)c3ncc(Cc4ccccc4)cc32)[C@@H](C(=O)O)CN1
26,1,O=C1[C@@H](NS(=O)(=O)c2ccc3cc(Cl)ccc3c2)CCN1c1ccc2c(c1F)CCN(C1CCOCC1)C2=O,-0.2109929770231247,O=C1[C@@H](NS(=O)(=O)c2ccc3cc(Cl)ccc3c2)CCN1c1ccc2c(c1F)CCN(C1CCOCC1)C2=O
27,1,Cc1cc(C)c(S(=O)(=O)N[C@@H](Cc2ccc([C@@H]3CC(O)=NS3(=O)=O)cc2)C(=O)O)c(C)c1,-0.17072685062885284,Cc1cc(C)c(S(=O)(=O)N[C@@H](Cc2ccc([C@@H]3CC(O)=NS3(=O)=O)cc2)C(=O)O)c(C)c1
29,1,CN[C@@H]1C[C@H]2O[C@@](C)([C@@H]1OC)n1c3ccccc3c3c4c(c5c6c(n2c5c31)CCCC6)C(O)=NC4=N,-0.20517729222774506,CN[C@@H]1C[C@H]2O[C@@](C)([C@@H]1OC)n1c3ccccc3c3c4c(c5c6c(n2c5c31)CCCC6)C(O)=NC4=N
34,1,CC(C)[C@H]1Cc2cc(F)ccc2S(=O)(=O)N(C[C@@H](O)[C@H](Cc2ccccc2)N=C(O)NC(c2ccccc2)c2ccccc2)C1,-0.17095157504081726,CC(C)[C@H]1Cc2cc(F)ccc2S(=O)(=O)N(C[C@@H](O)[C@H](Cc2ccccc2)N=C(O)NC(c2ccccc2)c2ccccc2)C1
34,1,CC(C)c1c(C(O)=Nc2ccccc2)c(-c2ccccc2)c(-c2ccc(F)cc2)n1CC[C@@H](O)C[C@@H](O)C[C@@H](O)CC(=O)O,-0.17504355311393738,CC(C)c1c(C(O)=Nc2ccccc2)c(-c2ccccc2)c(-c2ccc(F)cc2)n1CC[C@@H](O)C[C@@H](O)C[C@@H](O)CC(=O)O
36,1,N=C(O)Nc1sc(-c2ccc(Cl)cc2)cc1C(O)=N[C@H]1CCCNC1=O,-0.27441489696502686,N=C(O)Nc1sc(-c2ccc(Cl)cc2)cc1C(O)=N[C@H]1CCCNC1=O
38,1,NS(=O)(=O)c1ccc(N=C(O)NS(=O)(=O)c2c(F)c(F)c(F)c(F)c2F)c(Cl)c1,-0.17161592841148376,NS(=O)(=O)c1ccc(N=C(O)NS(=O)(=O)c2c(F)c(F)c(F)c(F)c2F)c(Cl)c1
38,1,NS(=O)(=O)c1ccc(N=C(O)NS(=O)(=O)c2c(F)c(F)c(F)c(F)c2F)c(F)c1,-0.18718019127845764,NS(=O)(=O)c1ccc(N=C(O)NS(=O)(=O)c2c(F)c(F)c(F)c(F)c2F)c(F)c1
38,1,NS(=O)(=O)c1ccc(N=C(O)NS(=O)(=O)c2c(F)c(F)c(F)c(F)c2F)cn1,-0.1901368647813797,NS(=O)(=O)c1ccc(N=C(O)NS(=O)(=O)c2c(F)c(F)c(F)c(F)c2F)cn1
39,1,C[C@@H]1C[C@H]2O[C@@H]2/C=C\C=C\C(=O)Cc2c(Cl)c(O)cc(O)c2C(=O)O1,-0.146872416138649,C[C@@H]1C[C@H]2O[C@@H]2/C=C\C=C\C(=O)Cc2c(Cl)c(O)cc(O)c2C(=O)O1
39,1,C[C@@H]1C[C@H]2O[C@@H]2/C=C\C=C\C(=O)Cc2c(Cl)c(O)cc(O)c2C(=O)c2c(O)cc(O)cc2C(=O)O1,-0.1897144466638565,C[C@@H]1C[C@H]2O[C@@H]2/C=C\C=C\C(=O)Cc2c(Cl)c(O)cc(O)c2C(=O)c2c(O)cc(O)cc2C(=O)O1
39,1,C[C@H]1Cc2c(Cl)c(O)cc(O)c2C(=O)c2c(O)cc(O)c(Cl)c2CC(=O)/C=C/C=C\[C@H]2O[C@@H]2C1,-0.19348160922527313,C[C@H]1Cc2c(Cl)c(O)cc(O)c2C(=O)c2c(O)cc(O)c(Cl)c2CC(=O)/C=C/C=C\[C@H]2O[C@@H]2C1
40,1,Nc1ncnc2c1ncn2[C@H]1C[C@H](O)[C@@H](COP(=O)(O)C(F)(F)P(=O)(O)OP(=O)(O)O)O1,-0.15149618685245514,Nc1ncnc2c1ncn2[C@H]1C[C@H](O)[C@@H](COP(=O)(O)C(F)(F)P(=O)(O)OP(=O)(O)O)O1
40,1,Cc1cc(S(N)(=O)=O)ccc1NC(=O)COc1ccc(Cl)cc1C(=O)c1cc(Cl)cc(C#N)c1Cl,-0.23325292766094208,Cc1cc(S(N)(=O)=O)ccc1NC(=O)COc1ccc(Cl)cc1C(=O)c1cc(Cl)cc(C#N)c1Cl
40,1,CC(O)=Nc1nnc(-c2ccc([N+](=O)[O-])cc2)s1,-0.2340797483921051,CC(O)=Nc1nnc(-c2ccc([N+](=O)[O-])cc2)s1
40,1,NS(=O)(=O)c1ccc(C(=O)NCC(=O)O)cc1,-0.24140627682209015,NS(=O)(=O)c1ccc(C(=O)NCC(=O)O)cc1
42,1,CC(O)=N[C@@H](Cc1ccccc1)C(O)=N[C@@H](Cc1ccc(C(F)(F)P(=O)(O)O)cc1)C(=N)O,-0.14836814999580383,CC(O)=N[C@@H](Cc1ccccc1)C(O)=N[C@@H](Cc1ccc(C(F)(F)P(=O)(O)O)cc1)C(=N)O
43,1,CN[C@@H]1C[C@H]2O[C@@](C)([C@@H]1OC)n1c3ccccc3c3c4c(c5c6c(n2c5c31)CCCC6)C(=O)N4,-0.18159162998199463,CN[C@@H]1C[C@H]2O[C@@](C)([C@@H]1OC)n1c3ccccc3c3c4c(c5c6c(n2c5c31)CCCC6)C(=O)N4
45,1,COc1ccc2c(c1)S(=O)(=O)NC(c1c(O)c(-c3ccccc3)nn(CCC(C)C)c1=O)=N2,-0.17325755953788757,COc1ccc2c(c1)S(=O)(=O)NC(c1c(O)c(-c3ccccc3)nn(CCC(C)C)c1=O)=N2
45,1,O=C1[C@@H](NS(=O)(=O)c2ccc3cc(Cl)ccc3c2)CCN1c1ccc2c(c1F)CCN([C@H]1CCOC[C@H]1O)C2,-0.2038339376449585,O=C1[C@@H](NS(=O)(=O)c2ccc3cc(Cl)ccc3c2)CCN1c1ccc2c(c1F)CCN([C@H]1CCOC[C@H]1O)C2
48,1,CN[C@@H]1C[C@H]2O[C@@](C)([C@@H]1OC)n1c3ccccc3c3c4c(c5c6c(n2c5c31)CCCC6)C(=O)N(O)C4=O,-0.1998976767063141,CN[C@@H]1C[C@H]2O[C@@](C)([C@@H]1OC)n1c3ccccc3c3c4c(c5c6c(n2c5c31)CCCC6)C(=O)N(O)C4=O
48,1,CC(C)[C@H]1Cc2cc(F)ccc2S(=O)(=O)N(C[C@@H](O)[C@H](Cc2ccccc2)N=C(O)c2cccc(O)c2)C1,-0.2030637264251709,CC(C)[C@H]1Cc2cc(F)ccc2S(=O)(=O)N(C[C@@H](O)[C@H](Cc2ccccc2)N=C(O)c2cccc(O)c2)C1
49,1,NS(=O)(=O)c1ccc(CCN=C(O)Cc2ccc(O)c(Cl)c2)cc1,-0.19256210327148438,NS(=O)(=O)c1ccc(CCN=C(O)Cc2ccc(O)c(Cl)c2)cc1
50,1,C[C@H](N=C1N=C(O)[C@](C)(C(C)(C)O)S1)c1ccc(-c2cccc(F)c2)cc1,-0.20460334420204163,C[C@H](N=C1N=C(O)[C@](C)(C(C)(C)O)S1)c1ccc(-c2cccc(F)c2)cc1
51,1,N=C1NCc2ncn(CCCCCN=C(O)c3cc(-c4ccc(F)cc4)cc(O)c3O)c2N1,-0.1860012412071228,N=C1NCc2ncn(CCCCCN=C(O)c3cc(-c4ccc(F)cc4)cc(O)c3O)c2N1
52,1,Cc1ccc([C@H](CCC(=O)N(C)O)P(=O)(O)O)cc1,-0.21559251844882965,Cc1ccc([C@H](CCC(=O)N(C)O)P(=O)(O)O)cc1
59,1,COc1ccc(S(=O)(=O)N(Cc2cccnc2)[C@H](C(O)=NO)C(C)C)cc1,-0.17750144004821777,COc1ccc(S(=O)(=O)N(Cc2cccnc2)[C@H](C(O)=NO)C(C)C)cc1
3,7,C[C@@H]1CN(CC(=O)N2CC(C)(C)c3ncc(Cc4ccccc4)cc32)[C@@H](CN2C=CCC2=O)[C@@H](O)[C@H]1O,-0.19663938879966736,C[C@@H]1CN(CC(=O)N2CC(C)(C)c3ncc(Cc4ccccc4)cc32)[C@@H](CN2C=CCC2=O)[C@@H](O)[C@H]1O
5,7,CN[C@@H]1C[C@H]2O[C@@](C)([C@@H]1OC)n1c3ccccc3c3c4c(c5c6c(n2c5c31)CCCC6)C(=O)N=C(O)C4,-0.18338820338249207,CN[C@@H]1C[C@H]2O[C@@](C)([C@@H]1OC)n1c3ccccc3c3c4c(c5c6c(n2c5c31)CCCC6)C(=O)N=C(O)C4
6,7,N=c1ccn([C@H]2CC[C@@H](COP(=O)(O)OP(=O)(O)OP(=O)(O)O)O2)c(O)n1,-0.16733212769031525,N=c1ccn([C@H]2CC[C@@H](COP(=O)(O)OP(=O)(O)OP(=O)(O)O)O2)c(O)n1
7,7,NS(=O)(=O)c1ccc(OCCCN2CCC([C@](O)(c3ccccn3)C3CCCC3)CC2)cc1,-0.18429861962795258,NS(=O)(=O)c1ccc(OCCCN2CCC([C@](O)(c3ccccn3)C3CCCC3)CC2)cc1
8,7,N=c1nc(O)c2ncn([C@H]3C[C@H](O)[C@@H](COP(=O)(O)NP(=O)(O)C(Cl)(Cl)P(=O)(O)O)O3)c2[nH]1,-0.1511811912059784,N=c1nc(O)c2ncn([C@H]3C[C@H](O)[C@@H](COP(=O)(O)NP(=O)(O)C(Cl)(Cl)P(=O)(O)O)O3)c2[nH]1
8,7,N=c1nc(O)c2ncn([C@H]3C[C@H](O)[C@@H](COP(=O)(O)NP(=O)(O)C(F)(F)P(=O)(O)O)O3)c2[nH]1,-0.1545851230621338,N=c1nc(O)c2ncn([C@H]3C[C@H](O)[C@@H](COP(=O)(O)NP(=O)(O)C(F)(F)P(=O)(O)O)O3)c2[nH]1
8,7,N=c1nc(O)c2ncn([C@H]3C[C@H](O)[C@@H](COP(=O)(O)C(F)(F)P(=O)(O)NP(=O)(O)O)O3)c2[nH]1,-0.16083797812461853,N=c1nc(O)c2ncn([C@H]3C[C@H](O)[C@@H](COP(=O)(O)C(F)(F)P(=O)(O)NP(=O)(O)O)O3)c2[nH]1
8,7,N=c1nc(O)c2ncn([C@H]3C[C@H](O)[C@@H](COP(=O)(O)C(F)(F)P(=O)(O)OP(=O)(O)O)O3)c2[nH]1,-0.16933904588222504,N=c1nc(O)c2ncn([C@H]3C[C@H](O)[C@@H](COP(=O)(O)C(F)(F)P(=O)(O)OP(=O)(O)O)O3)c2[nH]1
8,7,NS(=O)(=O)N1C[C@H](C(=O)Nc2ccc(Cl)cc2)[C@@H](C(O)=Nc2ccc(-n3ccccc3=O)c(F)c2)C1,-0.17744390666484833,NS(=O)(=O)N1C[C@H](C(=O)Nc2ccc(Cl)cc2)[C@@H](C(O)=Nc2ccc(-n3ccccc3=O)c(F)c2)C1
9,7,C[C@@H](C(=O)N1CCOCC1)N1CC[C@H](NS(=O)(=O)c2cc3ccc(Cl)cc3s2)C1=O,-0.19770978391170502,C[C@@H](C(=O)N1CCOCC1)N1CC[C@H](NS(=O)(=O)c2cc3ccc(Cl)cc3s2)C1=O
11,7,CC(C)[C@H]1C(O)=C(C2=NS(=O)(=O)c3c(CNS(C)(=O)=O)cccc32)C(=O)N1Cc1ccc(F)cc1,-0.14243225753307343,CC(C)[C@H]1C(O)=C(C2=NS(=O)(=O)c3c(CNS(C)(=O)=O)cccc32)C(=O)N1Cc1ccc(F)cc1
15,7,CC(C)[C@H](NS(=O)(=O)c1ccc(-c2ccc(CSc3nc(O)c4c(n3)CC=C4)cc2)s1)C(=O)O,-0.19372238218784332,CC(C)[C@H](NS(=O)(=O)c1ccc(-c2ccc(CSc3nc(O)c4c(n3)CC=C4)cc2)s1)C(=O)O
15,7,CC(C)[C@H](NS(=O)(=O)c1ccc(-c2ccc(CSc3nc(O)c4c(n3)CC=C4)cc2)o1)C(=O)O,-0.19952018558979034,CC(C)[C@H](NS(=O)(=O)c1ccc(-c2ccc(CSc3nc(O)c4c(n3)CC=C4)cc2)o1)C(=O)O
19,7,CC(C)[C@H](N=C(O)[C@H](C)N=C(O)OCc1ccccc1)P(=O)(O)O[C@H](C(=O)O)c1cccc(CN)c1,-0.17070192098617554,CC(C)[C@H](N=C(O)[C@H](C)N=C(O)OCc1ccccc1)P(=O)(O)O[C@H](C(=O)O)c1cccc(CN)c1
21,7,CN[C@@H]1C[C@H]2O[C@@](C)([C@@H]1OC)n1c3ccccc3c3c4c(c5c6ccccc6n2c5c31)C(=O)N(C)C4=O,-0.19446851313114166,CN[C@@H]1C[C@H]2O[C@@](C)([C@@H]1OC)n1c3ccccc3c3c4c(c5c6ccccc6n2c5c31)C(=O)N(C)C4=O
24,7,CC(C)n1c(CC[C@@H](O)C[C@@H](O)CC(=O)O)c(-c2ccc(F)cc2)c2c1C(=O)N(c1ccccc1)CCC2=O,-0.20068444311618805,CC(C)n1c(CC[C@@H](O)C[C@@H](O)CC(=O)O)c(-c2ccc(F)cc2)c2c1C(=O)N(c1ccccc1)CCC2=O
25,7,N=C(N)c1ccc(CN2CCN(S(=O)(=O)c3cc4ccc(Cl)cc4s3)CC2=O)cc1,-0.19039656221866608,N=C(N)c1ccc(CN2CCN(S(=O)(=O)c3cc4ccc(Cl)cc4s3)CC2=O)cc1
25,7,CC(C)[C@H](NS(=O)(=O)c1ccccc1)P(=O)(O)C[C@H](C(=O)O)c1cccc(NC(=N)N)c1,-0.20071205496788025,CC(C)[C@H](NS(=O)(=O)c1ccccc1)P(=O)(O)C[C@H](C(=O)O)c1cccc(NC(=N)N)c1
25,7,N=C(N)c1ccc(CN2CCN(S(=O)(=O)c3cc4ccc(Cl)cc4s3)CC2=O)c(Cl)c1,-0.20824623107910156,N=C(N)c1ccc(CN2CCN(S(=O)(=O)c3cc4ccc(Cl)cc4s3)CC2=O)c(Cl)c1
25,7,CN(C)c1ccc(C(=O)NN)cc1,-0.2947707772254944,CN(C)c1ccc(C(=O)NN)cc1
27,7,CC(C)c1c(C(O)=Nc2ccccc2)c(-c2ccccc2)c(-c2ccc(F)cc2)n1C[C@@H](O)C[C@@H](O)CC(=O)O,-0.1908959299325943,CC(C)c1c(C(O)=Nc2ccccc2)c(-c2ccccc2)c(-c2ccc(F)cc2)n1C[C@@H](O)C[C@@H](O)CC(=O)O
29,7,N[C@@H](CC(=O)N1CCCN(C(=O)c2ccc(C(=O)O)cc2)CC1)Cc1cc(F)c(F)cc1F,-0.18506675958633423,N[C@@H](CC(=O)N1CCCN(C(=O)c2ccc(C(=O)O)cc2)CC1)Cc1cc(F)c(F)cc1F
35,7,CS(=O)(=O)N1C[C@H](C(=O)Nc2ccc(Cl)cc2)[C@@H](C(O)=Nc2ccc(-n3ccccc3=O)c(Cl)c2F)C1,-0.20129570364952087,CS(=O)(=O)N1C[C@H](C(=O)Nc2ccc(Cl)cc2)[C@@H](C(O)=Nc2ccc(-n3ccccc3=O)c(Cl)c2F)C1
37,7,COc1ccc(S(=O)(=O)N(Cc2cccnc2)[C@@H](C(O)=NO)C2CCOCC2)cc1,-0.21703319251537323,COc1ccc(S(=O)(=O)N(Cc2cccnc2)[C@@H](C(O)=NO)C2CCOCC2)cc1
39,7,COc1cc2c(cc1OC)=C1N=NC(c3ccc(-c4ccc(O)cc4)cc3)=C1C=2,-0.17576222121715546,COc1cc2c(cc1OC)=C1N=NC(c3ccc(-c4ccc(O)cc4)cc3)=C1C=2
39,7,COc1cc2c(cc1OC)=C1N=NC(c3ccc(-c4ccc(O)c(O)c4)c(OC)c3)=C1C=2,-0.18343839049339294,COc1cc2c(cc1OC)=C1N=NC(c3ccc(-c4ccc(O)c(O)c4)c(OC)c3)=C1C=2
39,7,COc1cc(-c2ccc(C3=C4C=c5cc(OC)c(OC)cc5=C4N=N3)cc2O)ccc1O,-0.18696096539497375,COc1cc(-c2ccc(C3=C4C=c5cc(OC)c(OC)cc5=C4N=N3)cc2O)ccc1O
39,7,COc1cc(-c2ccc(C3=C4C=c5cc(OC)c(OC)cc5=C4N=N3)cc2)ccc1O,-0.1899949312210083,COc1cc(-c2ccc(C3=C4C=c5cc(OC)c(OC)cc5=C4N=N3)cc2)ccc1O
39,7,COc1ccc(-c2ccc(C(=O)N(Cc3ccccc3OCCCCCC(=O)O)C3CC3)cc2)cc1,-0.19569191336631775,COc1ccc(-c2ccc(C(=O)N(Cc3ccccc3OCCCCCC(=O)O)C3CC3)cc2)cc1
39,7,COCCN1Cc2c(nc(C)c(CN)c2-c2ccc(Cl)cc2Cl)C1=O,-0.20535777509212494,COCCN1Cc2c(nc(C)c(CN)c2-c2ccc(Cl)cc2Cl)C1=O
39,7,COCCN1Cc2c(nc(C)c(CN)c2-c2ccc(Cl)c(Cl)c2)C1=O,-0.2100643813610077,COCCN1Cc2c(nc(C)c(CN)c2-c2ccc(Cl)c(Cl)c2)C1=O
41,7,COc1c(-c2cc3ccc(NS(C)(=O)=O)cc3c(=O)o2)cc(C2C=CC(=O)N=C2)cc1C(C)(C)C,-0.18001893162727356,COc1c(-c2cc3ccc(NS(C)(=O)=O)cc3c(=O)o2)cc(C2C=CC(=O)N=C2)cc1C(C)(C)C
42,7,NS(=O)(=O)c1ccc(NC(O)=Nc2c(F)c(F)c(F)c(F)c2F)c(F)c1,-0.20625410974025726,NS(=O)(=O)c1ccc(NC(O)=Nc2c(F)c(F)c(F)c(F)c2F)c(F)c1
50,7,CC(O)=Nc1cc(Nc2cc(NC3CC3)n3ncc(C#N)c3n2)ccc1N(C)CCN(C)C,-0.179092675447464,CC(O)=Nc1cc(Nc2cc(NC3CC3)n3ncc(C#N)c3n2)ccc1N(C)CCN(C)C
52,7,O=S(=O)(N[C@@H](Cc1ccc([C@@H]2CC(O)=NS2(=O)=O)cc1)C(O)=NO)c1ccc(F)c(F)c1,-0.18083588778972626,O=S(=O)(N[C@@H](Cc1ccc([C@@H]2CC(O)=NS2(=O)=O)cc1)C(O)=NO)c1ccc(F)c(F)c1
52,7,O=S(=O)(N[C@@H](Cc1ccc([C@@H]2CC(O)=NS2(=O)=O)cc1)C(O)=NO)c1ccc(F)c(Cl)c1,-0.1999259740114212,O=S(=O)(N[C@@H](Cc1ccc([C@@H]2CC(O)=NS2(=O)=O)cc1)C(O)=NO)c1ccc(F)c(Cl)c1
3,1729,CN=C(O)[C@@H]1Cc2ccc(NS(O)(O)O)cc2CN1C(=O)CCc1cccc(C(=O)O)c1,-0.19418193399906158,CN=C(O)[C@@H]1Cc2ccc(NS(O)(O)O)cc2CN1C(=O)CCc1cccc(C(=O)O)c1
5,1729,C[C@H](N=C1N=C(O)[C@](C)(C(C)(C)O)S1)c1ccc(-n2ccnc2)cc1,-0.20938703417778015,C[C@H](N=C1N=C(O)[C@](C)(C(C)(C)O)S1)c1ccc(-n2ccnc2)cc1
5,1729,C[C@H](N=C1N=C(O)[C@@](C)(C(C)(C)O)S1)c1ccc(-n2ccnc2)cc1,-0.2121838629245758,C[C@H](N=C1N=C(O)[C@@](C)(C(C)(C)O)S1)c1ccc(-n2ccnc2)cc1
5,1729,C[C@H](N=C1N=C(O)[C@](C)(C(C)(C)O)S1)c1ccc(-n2cccn2)cc1,-0.21584118902683258,C[C@H](N=C1N=C(O)[C@](C)(C(C)(C)O)S1)c1ccc(-n2cccn2)cc1
6,1729,CN(C)c1cccc2c(S(=O)(=O)N[C@@H](CC(=O)O)C(=O)O)cccc12,-0.1787889301776886,CN(C)c1cccc2c(S(=O)(=O)N[C@@H](CC(=O)O)C(=O)O)cccc12
16,1729,NS(=O)(=O)c1ccc(N=C(O)C[C@]23C[C@H]4C[C@H](C[C@H](C4)C2)C3)c(Cl)c1,-0.17958949506282806,NS(=O)(=O)c1ccc(N=C(O)C[C@]23C[C@H]4C[C@H](C[C@H](C4)C2)C3)c(Cl)c1
17,1729,N=C(N)c1ccc([C@H]2[C@H]3C(=O)N(Cc4ccc(F)cc4)[C@H](C(F)(F)F)[C@H]3[C@@H]3C[C@@H](O)CN32)cc1,-0.17565171420574188,N=C(N)c1ccc([C@H]2[C@H]3C(=O)N(Cc4ccc(F)cc4)[C@H](C(F)(F)F)[C@H]3[C@@H]3C[C@@H](O)CN32)cc1
22,1729,C[C@@H](C(=O)N1CCOCC1)N1CC[C@H](NS(=O)(=O)/C=C/c2ccc(Cl)cc2)C1=O,-0.19708719849586487,C[C@@H](C(=O)N1CCOCC1)N1CC[C@H](NS(=O)(=O)/C=C/c2ccc(Cl)cc2)C1=O
25,1729,Cc1cc(S(N)(=O)=O)ccc1NC(=O)COc1ccc(Cl)cc1C(=O)c1cc(C#N)cc(C(C)C)c1,-0.1936482936143875,Cc1cc(S(N)(=O)=O)ccc1NC(=O)COc1ccc(Cl)cc1C(=O)c1cc(C#N)cc(C(C)C)c1
28,1729,Cc1cc(S(=O)(=O)N(Cc2ccc([N+](=O)[O-])cc2)[C@H](C)C(O)=NO)c(F)cc1F,-0.21106502413749695,Cc1cc(S(=O)(=O)N(Cc2ccc([N+](=O)[O-])cc2)[C@H](C)C(O)=NO)c(F)cc1F
29,1729,CN[C@@H](C)C(O)=N[C@H](C(=O)N1C[C@H]2C[C@@H]3C[C@@H]3N2C[C@H]1C(O)=N[C@@H]1CCOc2ccccc21)C1CCCCC1,-0.18518584966659546,CN[C@@H](C)C(O)=N[C@H](C(=O)N1C[C@H]2C[C@@H]3C[C@@H]3N2C[C@H]1C(O)=N[C@@H]1CCOc2ccccc21)C1CCCCC1
29,1729,N=C1N=C(O)/C(=C2\CCN=C(O)c3[nH]ccc32)N1,-0.2296261191368103,N=C1N=C(O)/C(=C2\CCN=C(O)c3[nH]ccc32)N1
34,1729,CCOc1cc([C@@H](Nc2ccc3c(N)nccc3c2)C(O)=NCc2cccc(S(=O)(=O)C(C)C)c2)ccc1OC(C)C,-0.1480570137500763,CCOc1cc([C@@H](Nc2ccc3c(N)nccc3c2)C(O)=NCc2cccc(S(=O)(=O)C(C)C)c2)ccc1OC(C)C
34,1729,CCOc1cc([C@@H](Nc2ccc3c(N)nccc3c2)C(O)=NCc2cccc(S(N)(=O)=O)c2)ccc1OC(C)C,-0.16780437529087067,CCOc1cc([C@@H](Nc2ccc3c(N)nccc3c2)C(O)=NCc2cccc(S(N)(=O)=O)c2)ccc1OC(C)C
38,1729,C[C@H](N=C1N=C(O)[C@@](C)(C(F)(F)F)S1)c1ccc(F)c(F)c1,-0.22059665620326996,C[C@H](N=C1N=C(O)[C@@](C)(C(F)(F)F)S1)c1ccc(F)c(F)c1
40,1729,O=P(O)(O)C(N=c1nc[nH]c2sc(-c3ccc(C4CC4)cc3)cc12)P(=O)(O)O,-0.16039706766605377,O=P(O)(O)C(N=c1nc[nH]c2sc(-c3ccc(C4CC4)cc3)cc12)P(=O)(O)O
41,1729,CN(C)C(=O)[C@@H]([C@H]1CC[C@H](c2ccc3ncnn3c2)CC1)[C@H](N)C(=O)N1C=C[C@H](c2ccccc2)C1,-0.20971880853176117,CN(C)C(=O)[C@@H]([C@H]1CC[C@H](c2ccc3ncnn3c2)CC1)[C@H](N)C(=O)N1C=C[C@H](c2ccccc2)C1
43,1729,CN[C@@H]1C[C@H]2O[C@@](C)([C@@H]1OC)n1c3ccccc3c3c4c(c5c6c(n2c5c31)CCCCC6)C(=O)N=C4,-0.16785377264022827,CN[C@@H]1C[C@H]2O[C@@](C)([C@@H]1OC)n1c3ccccc3c3c4c(c5c6c(n2c5c31)CCCCC6)C(=O)N=C4
43,1729,C[C@@H]1CN(CC(=O)N2CC(C)(C)c3ncc(Cc4ccc(Cl)cc4)cc32)[C@@H](CN2C=CCC2=O)CN1,-0.17008528113365173,C[C@@H]1CN(CC(=O)N2CC(C)(C)c3ncc(Cc4ccc(Cl)cc4)cc32)[C@@H](CN2C=CCC2=O)CN1
44,1729,Cc1c(Sc2ccc(OC(F)(F)F)cc2)sc2c1C(N)NC(=N)N2,-0.18652041256427765,Cc1c(Sc2ccc(OC(F)(F)F)cc2)sc2c1C(N)NC(=N)N2
45,1729,CN(C)C(=O)[C@@H](c1ccc(-c2ccc3ncnn3c2)cc1)[C@H](N)C(=O)N1CC[C@H](F)C1,-0.1737482249736786,CN(C)C(=O)[C@@H](c1ccc(-c2ccc3ncnn3c2)cc1)[C@H](N)C(=O)N1CC[C@H](F)C1
49,1729,Cc1cn([C@H]2CC[C@@H](COP(=O)(O)OP(=O)(O)OP(=O)(O)O)O2)c(=O)nc1O,-0.15973369777202606,Cc1cn([C@H]2CC[C@@H](COP(=O)(O)OP(=O)(O)OP(=O)(O)O)O2)c(=O)nc1O
50,1729,CN1CCN(c2ccc(C3C=NC4=Nc5cnc(C(=O)O)cc5C4=C3)cc2)C(=O)C1(C)C,-0.1831197589635849,CN1CCN(c2ccc(C3C=NC4=Nc5cnc(C(=O)O)cc5C4=C3)cc2)C(=O)C1(C)C
51,1729,CN[C@@H]1C[C@H]2O[C@@](C)([C@@H]1OC)n1c3ccccc3c3c4c(c5c6c(n2c5c31)CC=CC6)C(=O)N=C4,-0.17374259233474731,CN[C@@H]1C[C@H]2O[C@@](C)([C@@H]1OC)n1c3ccccc3c3c4c(c5c6c(n2c5c31)CC=CC6)C(=O)N=C4
56,1729,CN(C)C(=O)[C@@H]([C@H]1CC[C@H](c2ccc3ncnn3c2)CC1)[C@H](N)C(=O)N1CC[C@@H](F)C1,-0.20926854014396667,CN(C)C(=O)[C@@H]([C@H]1CC[C@H](c2ccc3ncnn3c2)CC1)[C@H](N)C(=O)N1CC[C@@H](F)C1
57,1729,COc1ccc(-c2cccc(S(=O)(=O)N3CCN(S(=O)(=O)c4ccc5c(c4)OCCO5)CC3)c2)cc1,-0.19761329889297485,COc1ccc(-c2cccc(S(=O)(=O)N3CCN(S(=O)(=O)c4ccc5c(c4)OCCO5)CC3)c2)cc1
